id	gene_symbol	Description(s)	PanPan	PanTro	HomSap	GorGor	PonPyg	PonAbe	SymSyn
3	PPP2R3B-2	serine/threonine-protein phosphatase 2A regulatory subunit B'' subunit beta;protein phosphatase 2 regulatory subunit B''beta;serine/threonine-protein phosphatase 2A regulatory subunit B'' subunit beta-like	0	0	0	0	0	0	0
6	CSF2RA-2	granulocyte-macrophage colony-stimulating factor receptor subunit alpha-like;colony stimulating factor 2 receptor subunit alpha;granulocyte-macrophage colony-stimulating factor receptor subunit alpha	0	0	0	0	88.72	90.53	0
20	RPS4Y1	40S ribosomal protein S4, Y;ribosomal protein S4 Y-linked 2;ribosomal protein S4 Y-linked 1	95.04	95.42	93.89	96.51	95.44	95.44	94.28
28	VCY1B	testis-specific basic protein Y 1-like;variable charge X-linked protein 3-like;variable charge X-linked protein 1;variable charge Y-linked 1B;variable charge X-linked protein 2;variable charge X-linked protein 3;eukaryotic translation initiation factor 4 gamma-like;variable charge Y-linked	100.0	100.0	100.0	0	0	0	0
44	RBMY1A1	RNA-binding motif protein, X chromosome-like;RNA-binding motif protein, Y chromosome, family 1 member A1-like;RNA binding motif protein Y-linked family 1 member E;RNA binding motif protein Y-linked family 1 member J;RNA binding motif protein Y-linked family 1 member D;RNA binding motif protein Y-linked family 1 member B;RNA binding motif protein Y-linked family 1 member F;RNA-binding motif protein, Y chromosome, family 1 member B-like;RNA binding motif protein Y-linked family 1 member A1;RNA-binding motif protein, Y chromosome, family 1 member F/J-like;RNA-binding motif protein, Y chromosome, family 1 member F/J	99.35;88.53;99.56;89.34;87.91;99.45;98.7;88.73;89.14;88.73;77.73;99.35;89.14;89.54;88.93;77.73;89.34;89.54;88.93;99.35;88.93;88.93;98.7;99.78;89.14;99.35;98.91;88.93;89.14;98.91;89.94;88.61;99.45;98.48;89.34;89.74;89.34;77.73;99.13;89.74;90.34;89.54;77.73;90.14;90.14;89.54;99.13;89.54;89.54;98.48;99.13;89.94;99.13;98.7;89.54;88.73;98.79;97.67;97.8;89.14;99.4;99.4;99.4;77.34;88.73;99.4;98.39;99.6;77.34;98.59;98.99;99.19;88.73;99.19;99.6;89.14;88.73;98.59;88.73;88.33;99.6;89.54;87.67;98.9;98.26;88.93;89.34;88.93;77.34;98.91;89.34;89.34;89.14;77.34;89.14;89.74;89.14;98.91;89.14;88.73;98.26;99.35;88.93;98.91;98.48;89.14;98.61;98.9;89.94;98.99;99.4;98.99;77.34;89.54;99.4;99.19;99.19;77.34;98.99;99.8;99.19;89.54;99.19;98.79;89.94;89.54;98.79;89.54;89.14;99.19;98.26;88.61;97.91;98.37;97.91;77.78;88.14;98.37;99.07;98.14;77.78;98.84;98.84;98.37;88.14;98.14;98.14;88.61;87.67;98.61;88.14;87.67;98.14;99.45;97.8;97.8;97.8;80.22;99.45;97.8;99.45;97.8;80.22;99.45;98.9;97.25;99.45;97.8;98.35;99.45;99.45;98.35;99.45;99.45;97.8;89.34;89.74;89.34;77.73;99.35;89.74;90.34;89.54;77.73;90.14;90.14;89.54;99.35;89.54;89.54;100.0;98.48;89.94;99.35;98.91;89.54;99.8;99.8;99.8;77.34;89.14;99.8;98.79;100.0;77.34;98.99;99.4;99.6;89.14;99.6;99.6;89.54;89.14;98.99;89.14;88.73;99.6;100.0;77.34;88.93;99.6;98.59;99.8;77.34;98.79;99.19;99.4;88.93;99.4;99.4;89.34;88.93;98.79;88.93;88.53;99.6;77.34;89.34;100.0;98.99;99.8;77.34;98.79;99.6;99.8;89.34;99.8;99.4;89.74;89.34;99.19;89.34;88.93;77.34;88.93;99.6;98.59;99.8;77.34;98.79;99.19;99.4;88.93;99.4;99.4;89.34;88.93;98.79;88.93;88.53;77.73;77.34;77.73;77.34;100.0;77.73;77.34;76.95;77.73;77.34;77.73;77.73;77.73;77.73;77.73;77.73;89.34;89.94;89.14;77.73;89.74;89.74;89.14;100.0;89.14;89.14;99.35;99.13;89.54;100.0;99.56;98.99;99.8;77.34;98.79;99.6;99.8;89.34;99.8;99.4;89.74;89.34;99.19;89.34;88.93;98.79;77.34;98.99;99.4;99.6;89.14;99.6;99.6;89.54;89.14;98.99;89.14;88.73;77.73;77.73;77.34;76.95;77.73;77.34;77.73;77.73;77.73;77.73;77.73;77.73;99.8;99.19;98.59;89.74;98.59;98.99;90.14;89.74;99.4;89.74;89.34;99.4;99.4;89.74;99.4;98.99;90.14;89.74;98.99;89.74;89.34;98.79;89.14;99.6;99.19;89.54;89.14;98.99;89.14;88.73;89.94;89.14;89.14;99.35;99.13;89.54;100.0;99.56;98.79;99.19;89.54;89.14;98.99;89.14;88.73;98.79;89.54;89.14;98.99;89.14;88.73;90.34;98.48;89.94;99.35;98.91;89.94;89.54;99.13;98.7;99.6;89.54;89.14;89.94;99.56;89.54	83.7;83.7;83.5;83.5;83.5;83.7;93.3;98.99;99.6;98.99;99.6;97.59;92.27;99.4;99.19;99.4;97.59;93.81;98.59;100.0;97.38;92.27;98.59;97.38;92.78;97.38;92.27;92.27	98.79;98.79;99.6;99.6;99.6;100.0;99.19;99.19;99.19;99.19;99.19;99.19;99.6;99.6;100.0	87.83;90.33;95.91;87.61;87.61;90.54;94.56;86.09;95.03;73.49;87.83;87.39;82.34;94.55;99.78;99.56;85.87;88.26;94.35;91.3;76.71;95.65;99.35;93.18;82.06;81.79;90.94;93.66;83.7;90.63;73.9;81.79;81.52;94.09;94.09;95.0;95.91;92.73;94.55;79.91;95.91;93.64;99.35;85.65;88.04;94.13;91.09;76.31;95.44;99.56;85.65;88.48;94.35;90.87;76.31;95.22;99.35;94.09;83.26;93.14;58.69;83.48;85.44;85.65;96.22;54.78;86.74;88.04;85.65;73.9;93.26;94.13;76.71;87.61;90.65;74.7;75.9;95.0	66.93;66.54;66.54;66.54;63.8;63.8;100.0;99.47;99.47;99.47;99.73;99.73;66.93;100.0;100.0;99.2;99.2;66.54;100.0;99.2;99.2;66.54;99.2;99.2;66.54;100.0;63.8;63.8	66.93;100.0;66.93;66.93;100.0;66.93	93.82;93.82;93.82;93.82;100.0;100.0;100.0;100.0;100.0;100.0
45	TSPY9	testis specific protein Y-linked 9;testis specific protein Y-linked 10;testis specific protein Y-linked 4;testis-specific Y-encoded protein 3;testis specific protein Y-linked 3;testis specific protein Y-linked 1;testis-specific Y-encoded protein 4;testis specific protein Y-linked 2;testis-specific Y-encoded protein 1;testis-specific Y-encoded protein 4-like;testis-specific Y-encoded protein 2-like;testis-specific Y-encoded protein 1-like;testis-specific Y-encoded-like protein 4;testis specific protein Y-linked 8;testis-specific Y-encoded protein 8-like;testis-specific Y-encoded protein 8;testis-specific Y-encoded protein 3-like	86.89;86.89;100.0;99.62;99.24;100.0;99.62;99.29;85.29;99.62;100.0;100.0;86.89;85.85;99.62;86.89;99.62;100.0;85.79;85.29;100.0;99.24;100.0;85.29;100.0;100.0;86.89;87.43;86.89;86.89;87.43;86.36;66.67;87.43;86.89;86.89;99.54;98.62;87.43;100.0;87.43;86.89;99.08;66.67;86.89;86.89;86.89;66.67;86.89;86.89;87.43;86.89;86.89;87.43;86.36;66.67;87.43;86.89;86.89;99.54;98.62;87.43;100.0;87.43;86.89;99.08;66.67;86.89;86.89;86.89;66.67;86.89;99.62;99.24;100.0;99.62;99.29;85.29;99.62;100.0;100.0;86.89;85.85;99.62;86.89;99.62;100.0;85.79;85.29;100.0;99.24;100.0;85.29;100.0;98.86;99.62;100.0;100.0;85.29;100.0;99.62;99.62;87.43;86.32;100.0;87.43;100.0;99.62;86.34;85.29;99.62;98.86;99.62;85.29;99.62;99.24;98.86;98.57;85.29;98.86;99.24;99.24;86.89;85.85;98.86;86.89;98.86;99.24;85.79;85.29;99.24;100.0;99.24;85.29;99.24;99.62;99.29;85.29;99.62;100.0;100.0;86.89;85.85;99.62;86.89;99.62;100.0;85.79;85.29;100.0;99.24;100.0;85.29;100.0;100.0;85.29;100.0;99.62;99.62;87.43;86.32;100.0;87.43;100.0;99.62;86.34;85.29;99.62;98.86;99.62;85.29;99.62;85.29;100.0;99.29;99.29;86.36;85.23;100.0;86.36;100.0;99.29;85.23;85.29;99.29;98.57;99.29;85.29;99.29;85.29;85.29;85.29;66.67;66.67;85.29;66.67;85.29;85.29;66.67;100.0;85.29;85.29;85.29;100.0;85.29;99.62;99.62;87.43;86.32;100.0;87.43;100.0;99.62;86.34;85.29;99.62;98.86;99.62;85.29;99.62;100.0;86.89;85.85;99.62;86.89;99.62;100.0;85.79;85.29;100.0;99.24;100.0;85.29;100.0;86.89;85.85;99.62;86.89;99.62;100.0;85.79;85.29;100.0;99.24;100.0;85.29;100.0;98.16;87.43;99.54;87.43;86.89;98.62;66.67;86.89;86.89;86.89;66.67;86.89;86.32;98.62;86.32;85.85;99.54;66.67;85.85;85.85;85.85;66.67;85.85;87.43;100.0;99.62;86.34;85.29;99.62;98.86;99.62;85.29;99.62;87.43;86.89;99.08;66.67;86.89;86.89;86.89;66.67;86.89;99.62;86.34;85.29;99.62;98.86;99.62;85.29;99.62;85.79;85.29;100.0;99.24;100.0;85.29;100.0;66.67;85.79;85.79;85.79;66.67;85.79;85.29;85.29;85.29;100.0;85.29;99.24;100.0;85.29;100.0;99.24;85.29;99.24;85.29;100.0;85.29	99.23;99.23;99.25;99.23;99.23;86.67;99.23;100.0;99.23;100.0;99.23;88.68;100.0;99.23;100.0;99.23;99.23;99.62;99.23;99.23;99.23;59.04;99.23;99.24;98.46;99.24;99.24;82.35;99.24;99.23;99.24;99.23;99.24;88.21;99.23;99.24;99.23;99.24;99.24;98.84;99.24;99.24;99.24;59.04;99.24;98.46;100.0;100.0;82.35;100.0;99.23;100.0;99.23;100.0;89.15;99.23;100.0;99.23;100.0;100.0;99.61;100.0;100.0;100.0;59.04;100.0;98.46;98.46;90.0;98.46;99.25;98.46;99.25;98.46;88.21;99.25;98.46;99.25;98.46;98.46;98.88;98.46;98.46;98.46;59.04;98.46;100.0;82.35;100.0;99.23;100.0;99.23;100.0;89.15;99.23;100.0;99.23;100.0;100.0;99.61;100.0;100.0;100.0;59.04;100.0;82.35;100.0;99.23;100.0;99.23;100.0;89.15;99.23;100.0;99.23;100.0;100.0;99.61;100.0;100.0;100.0;59.04;100.0;82.35;86.67;82.35;86.67;82.35;66.67;86.67;82.35;86.67;82.35;82.35;86.67;82.35;82.35;82.35;62.07;82.35;99.23;100.0;99.23;100.0;89.15;99.23;100.0;99.23;100.0;100.0;99.61;100.0;100.0;100.0;59.04;100.0;99.23;100.0;99.23;88.68;100.0;99.23;100.0;99.23;99.23;99.62;99.23;99.23;99.23;59.04;99.23;99.23;100.0;89.15;99.23;100.0;99.23;100.0;100.0;99.61;100.0;100.0;100.0;59.04;100.0;99.23;88.68;100.0;99.23;100.0;99.23;99.23;99.62;99.23;99.23;99.23;59.04;99.23;89.15;99.23;100.0;99.23;100.0;100.0;99.61;100.0;100.0;100.0;59.04;100.0;88.68;89.15;88.68;89.15;89.15;89.15;89.15;89.15;89.15;63.85;89.15;99.23;100.0;99.23;99.23;99.62;99.23;99.23;99.23;59.04;99.23;99.23;100.0;100.0;99.61;100.0;100.0;100.0;59.04;100.0;99.23;99.23;99.62;99.23;99.23;99.23;59.04;99.23;100.0;99.61;100.0;100.0;100.0;59.04;100.0;99.61;100.0;100.0;100.0;59.04;100.0;99.61;99.61;99.61;59.04;99.61;100.0;100.0;59.04;100.0;100.0;59.04;100.0;59.04;100.0;59.04	100.0;99.35;99.67;99.67;99.67;97.77;99.67;97.77;100.0;100.0;100.0;97.77;99.35;100.0;97.77;97.77;99.67;99.35;97.77;100.0;100.0;100.0;99.67;100.0;100.0;99.67;100.0;100.0;100.0;99.03;98.09;97.77;100.0;99.67;99.67;100.0;100.0;99.35;100.0;97.13;97.77;98.09;100.0;99.35;99.67;99.67;99.67;97.77;99.67;97.77;100.0;100.0;100.0;97.77;99.35;100.0;97.77;97.77;99.67;99.35;97.77;100.0;100.0;100.0;99.67;100.0;100.0;99.67;100.0;100.0;100.0;99.03;98.09;97.77;100.0;99.67;99.67;100.0;100.0;99.35;100.0;97.13;97.77;98.09;100.0;99.03;99.03;99.67;97.13;99.67;97.77;99.35;99.35;99.35;97.13;99.35;99.35;97.13;97.77;99.67;99.35;97.13;99.11;99.35;99.35;99.67;99.35;99.35;99.67;99.35;99.35;99.35;99.03;97.45;97.77;99.35;99.67;99.03;99.35;99.35;98.7;99.35;97.13;97.77;97.45;99.35;99.35;99.35;97.45;99.35;97.45;99.67;99.67;99.67;97.45;99.67;99.67;97.45;97.45;99.35;99.03;97.45;99.56;99.67;99.67;99.35;99.67;99.67;99.35;99.67;99.67;99.67;98.7;97.77;97.45;99.67;99.35;99.35;99.67;99.67;99.03;99.67;96.81;97.45;97.77;99.67;99.35;97.45;99.35;97.45;99.67;99.67;99.67;97.45;99.03;99.67;97.45;97.45;99.35;99.03;97.45;100.0;99.67;99.67;99.35;99.67;99.67;99.35;99.67;99.67;99.67;98.7;97.77;97.45;99.67;99.35;99.35;99.67;99.67;99.03;99.67;96.81;97.45;97.77;99.67;97.45;100.0;98.09;99.67;99.67;99.67;97.45;99.67;99.67;97.45;98.09;100.0;99.03;97.45;99.56;99.67;99.67;100.0;99.67;99.67;100.0;99.67;99.67;99.67;99.35;97.77;98.09;99.67;99.35;99.35;99.67;99.67;99.03;99.67;97.45;98.09;97.77;99.67;97.45;99.36;97.77;97.77;97.77;100.0;97.13;97.77;100.0;99.36;97.45;97.13;100.0;96.97;97.77;97.77;97.45;97.77;97.77;97.45;97.77;97.77;97.77;97.45;99.68;99.36;97.77;97.45;97.45;97.77;97.77;97.13;97.77;98.73;99.36;99.68;97.77;98.09;99.67;99.67;99.67;97.45;99.67;99.67;97.45;98.09;100.0;99.03;97.45;99.56;99.67;99.67;100.0;99.67;99.67;100.0;99.67;99.67;99.67;99.35;97.77;98.09;99.67;99.35;99.35;99.67;99.67;99.03;99.67;97.45;98.09;97.77;99.67;97.77;97.77;97.77;99.36;97.77;97.77;99.36;100.0;98.09;97.13;99.36;96.97;97.77;97.77;98.09;97.77;97.77;98.09;97.77;97.77;97.77;97.45;99.68;100.0;97.77;97.45;97.45;97.77;97.77;97.13;97.77;99.36;100.0;99.68;97.77;100.0;100.0;97.77;99.35;100.0;97.77;97.77;99.67;99.35;97.77;100.0;100.0;100.0;99.67;100.0;100.0;99.67;100.0;100.0;100.0;99.03;98.09;97.77;100.0;99.67;99.67;100.0;100.0;99.35;100.0;97.13;97.77;98.09;100.0;100.0;97.77;99.35;100.0;97.77;97.77;99.67;99.35;97.77;100.0;100.0;100.0;99.67;100.0;100.0;99.67;100.0;100.0;100.0;99.03;98.09;97.77;100.0;99.67;99.67;100.0;100.0;99.35;100.0;97.13;97.77;98.09;100.0;97.77;99.35;100.0;97.77;97.77;99.67;99.35;97.77;100.0;100.0;100.0;99.67;100.0;100.0;99.67;100.0;100.0;100.0;99.03;98.09;97.77;100.0;99.67;99.67;100.0;100.0;99.35;100.0;97.13;97.77;98.09;100.0;97.13;97.77;100.0;99.36;97.45;97.13;100.0;96.97;97.77;97.77;97.45;97.77;97.77;97.45;97.77;97.77;97.77;97.45;99.68;99.36;97.77;97.45;97.45;97.77;97.77;97.13;97.77;98.73;99.36;99.68;97.77;99.35;97.13;97.77;99.67;98.7;97.13;99.11;99.35;99.35;99.67;99.35;99.35;99.67;99.35;99.35;99.35;99.03;97.45;97.77;99.35;99.03;99.03;99.35;99.35;98.7;99.35;97.13;97.77;97.45;99.35;97.77;97.77;99.67;99.35;97.77;100.0;100.0;100.0;99.67;100.0;100.0;99.67;100.0;100.0;100.0;99.03;98.09;97.77;100.0;99.67;99.67;100.0;100.0;99.35;100.0;97.13;97.77;98.09;100.0;99.36;97.45;97.13;100.0;96.97;97.77;97.77;97.45;97.77;97.77;97.45;97.77;97.77;97.77;97.45;99.68;99.36;97.77;97.45;97.45;97.77;97.77;97.13;97.77;98.73;99.36;99.68;97.77;98.09;97.13;99.36;96.97;97.77;97.77;98.09;97.77;97.77;98.09;97.77;97.77;97.77;97.45;99.68;100.0;97.77;97.45;97.45;97.77;97.77;97.13;97.77;99.36;100.0;99.68;97.77;99.03;97.45;99.56;99.67;99.67;100.0;99.67;99.67;100.0;99.67;99.67;99.67;99.35;97.77;98.09;99.67;99.35;99.35;99.67;99.67;99.03;99.67;97.45;98.09;97.77;99.67;97.13;99.56;99.35;99.35;99.03;99.35;99.35;99.03;99.35;99.35;99.35;98.38;97.45;97.13;99.35;99.67;99.03;99.35;99.35;98.7;99.35;96.5;97.13;97.45;99.35;96.97;97.77;97.77;97.45;97.77;97.77;97.45;97.77;97.77;97.77;97.45;99.68;99.36;97.77;97.45;97.45;97.77;97.77;97.13;97.77;98.73;99.36;99.68;97.77;100.0;100.0;99.56;100.0;100.0;99.56;100.0;100.0;100.0;99.11;97.4;96.97;100.0;99.56;100.0;100.0;100.0;99.11;100.0;96.1;96.97;97.4;100.0;100.0;99.67;100.0;100.0;99.67;100.0;100.0;100.0;99.03;98.09;97.77;100.0;99.67;99.67;100.0;100.0;99.35;100.0;97.13;97.77;98.09;100.0;99.67;100.0;100.0;99.67;100.0;100.0;100.0;99.03;98.09;97.77;100.0;99.67;99.67;100.0;100.0;99.35;100.0;97.13;97.77;98.09;100.0;99.67;99.67;100.0;99.67;99.67;99.67;99.35;97.77;98.09;99.67;99.35;99.35;99.67;99.67;99.03;99.67;97.45;98.09;97.77;99.67;100.0;99.67;100.0;100.0;100.0;99.03;98.09;97.77;100.0;99.67;99.67;100.0;100.0;99.35;100.0;97.13;97.77;98.09;100.0;99.67;100.0;100.0;100.0;99.03;98.09;97.77;100.0;99.67;99.67;100.0;100.0;99.35;100.0;97.13;97.77;98.09;100.0;99.67;99.67;99.67;99.35;97.77;98.09;99.67;99.35;99.35;99.67;99.67;99.03;99.67;97.45;98.09;97.77;99.67;100.0;100.0;99.03;98.09;97.77;100.0;99.67;99.67;100.0;100.0;99.35;100.0;97.13;97.77;98.09;100.0;100.0;99.03;98.09;97.77;100.0;99.67;99.67;100.0;100.0;99.35;100.0;97.13;97.77;98.09;100.0;99.03;98.09;97.77;100.0;99.67;99.67;100.0;100.0;99.35;100.0;97.13;97.77;98.09;100.0;97.13;97.45;99.03;98.7;99.35;99.03;99.03;98.38;99.03;96.81;97.45;97.13;99.03;99.68;98.09;97.77;97.77;98.09;98.09;97.45;98.09;99.05;99.68;100.0;98.09;97.77;97.45;97.45;97.77;97.77;97.13;97.77;99.36;100.0;99.68;97.77;99.67;99.67;100.0;100.0;99.35;100.0;97.13;97.77;98.09;100.0;99.35;99.67;99.67;99.03;99.67;96.81;97.45;97.77;99.67;99.67;99.67;99.03;99.67;96.81;97.45;97.77;99.67;100.0;99.35;100.0;97.13;97.77;98.09;100.0;99.35;100.0;97.13;97.77;98.09;100.0;99.35;97.13;97.13;97.45;99.35;97.13;97.77;98.09;100.0;99.36;99.05;97.13;99.68;97.77;98.09	99.62;99.62;99.62;99.62;99.62;100.0;100.0;100.0;100.0;100.0;100.0;100.0;100.0;100.0;100.0	99.24;99.62;99.62;99.24;99.24;100.0;99.24;99.24;99.62;99.62;98.86;99.24;99.24;99.62;99.62;99.24;99.24;99.62;95.08;99.24;99.24;99.24;99.24;99.62;99.62;100.0;99.62;99.62;100.0;100.0;100.0;100.0;100.0;99.62;99.62;99.62;100.0;100.0;99.62;99.62;100.0;100.0;99.62;95.83;100.0;100.0;100.0;100.0;99.62;99.62;100.0;100.0;99.62;99.62;100.0;99.62;99.62;100.0;100.0;99.24;99.62;99.62;100.0;100.0;99.62;99.62;100.0;95.45;99.62;99.62;99.62;99.62;100.0;100.0;100.0;99.62;99.62;100.0;99.62;99.62;100.0;100.0;99.24;99.62;99.62;100.0;100.0;99.62;99.62;100.0;95.45;99.62;99.62;99.62;99.62;100.0;100.0;100.0;100.0;100.0;100.0;100.0;99.62;99.62;99.62;100.0;100.0;99.62;99.62;100.0;100.0;99.62;95.83;100.0;100.0;100.0;100.0;99.62;99.62;100.0;100.0;100.0;100.0;99.62;99.62;99.62;100.0;100.0;99.62;99.62;100.0;100.0;99.62;95.83;100.0;100.0;100.0;100.0;99.62;99.62;100.0;100.0;100.0;100.0;100.0;99.45;100.0;100.0;100.0;100.0;100.0;100.0;100.0;95.03;100.0;100.0;100.0;100.0;100.0;100.0;100.0;100.0;99.62;99.62;99.62;100.0;100.0;99.62;99.62;100.0;100.0;99.62;95.83;100.0;100.0;100.0;100.0;99.62;99.62;100.0;99.62;99.62;99.62;100.0;100.0;99.62;99.62;100.0;100.0;99.62;95.83;100.0;100.0;100.0;100.0;99.62;99.62;100.0;100.0;99.24;99.62;99.62;100.0;100.0;99.62;99.62;100.0;95.45;99.62;99.62;99.62;99.62;100.0;100.0;100.0;99.24;99.62;99.62;100.0;100.0;99.62;99.62;100.0;95.45;99.62;99.62;99.62;99.62;100.0;100.0;100.0;99.62;99.62;99.24;99.24;99.62;99.62;99.24;95.45;99.62;99.62;99.62;99.62;99.24;99.24;99.45;100.0;99.62;99.62;100.0;100.0;99.62;95.83;100.0;100.0;100.0;100.0;99.62;99.62;100.0;99.62;99.62;100.0;100.0;99.62;95.83;100.0;100.0;100.0;100.0;99.62;99.62;100.0;100.0;99.62;99.62;100.0;95.45;99.62;99.62;99.62;99.62;100.0;100.0;100.0;99.62;99.62;100.0;95.45;99.62;99.62;99.62;99.62;100.0;100.0;100.0;100.0;99.62;95.83;100.0;100.0;100.0;100.0;99.62;99.62;100.0;99.62;95.83;100.0;100.0;100.0;100.0;99.62;99.62;100.0;95.45;99.62;99.62;99.62;99.62;100.0;100.0;100.0;95.83;95.83;95.83;95.83;95.45;95.45;95.03;100.0;100.0;100.0;99.62;99.62;100.0;100.0;100.0;99.62;99.62;100.0;100.0;99.62;99.62;100.0;99.62;99.62;100.0;100.0;100.0;100.0	79.56;99.23;99.23;99.23;99.62;98.46;99.24;99.23;99.23;99.23;100.0;99.23;99.23;92.46;99.23;100.0;99.62;99.62;79.13;79.13;79.13;79.13;79.13;78.7;79.13;79.13;79.13;79.56;79.13;79.13;79.56;79.13;79.56;79.13;79.13;99.31;100.0;99.61;98.62;99.23;100.0;100.0;99.31;99.23;99.31;99.31;92.06;100.0;99.23;99.61;99.61;99.31;98.84;98.62;99.23;99.31;99.31;100.0;99.23;100.0;100.0;92.06;99.31;99.23;98.84;98.84;99.61;98.62;99.23;100.0;100.0;99.31;99.23;99.31;99.31;92.06;100.0;99.23;99.61;99.61;98.07;99.62;99.61;99.61;98.84;99.62;98.84;98.84;92.06;99.61;99.62;100.0;100.0;97.68;98.62;98.62;98.62;98.46;98.62;98.62;91.27;98.62;98.46;98.07;98.07;99.23;99.23;99.23;99.24;99.23;99.23;91.67;99.23;99.24;99.62;99.62;100.0;99.31;99.23;99.31;99.31;92.06;100.0;99.23;99.61;99.61;99.31;99.23;99.31;99.31;92.06;100.0;99.23;99.61;99.61;99.23;100.0;100.0;92.06;99.31;99.23;98.84;98.84;99.23;99.23;92.46;99.23;100.0;99.62;99.62;100.0;92.06;99.31;99.23;98.84;98.84;92.06;99.31;99.23;98.84;98.84;92.06;92.46;92.06;92.06;99.23;99.61;99.61;99.62;99.62;100.0	100.0;100.0;100.0;100.0;100.0;100.0;100.0;100.0;100.0;100.0
47	keratin, type I cytoskeletal 18-like	keratin, type I cytoskeletal 18-like	100.0;100.0;100.0;100.0;100.0;100.0	0	0	0	0	0	0
51	CDY1	chromodomain Y-linked 1B;testis-specific chromodomain protein Y 1-like;chromodomain Y-linked 2B;chromodomain Y-linked 1;chromodomain Y-linked 2A;chromodomain protein, Y-linked, 1;testis-specific chromodomain protein Y 1;testis-specific chromodomain protein Y 2;testis-specific chromodomain protein Y 2-like	100.0	99.06;98.89;99.06;99.81;99.83;99.81	97.93;97.93;100.0;100.0;97.93;97.93	0	98.34;99.51;92.86;98.17;97.56;98.0;94.85;93.61;92.67;98.0;100.0;95.11;98.29;93.05;99.83;97.37;97.67;95.23;93.8;92.86;97.67;98.34;95.49;94.5;98.29;98.0;98.29;95.17;94.5;94.25;98.29;99.51;95.51;93.05;92.75;93.42;91.79;97.83;99.82;93.42;92.86;92.21;97.37;97.5;95.23;93.8;92.86;97.5;98.17;95.49;99.25;94.28;93.12;92.57;99.25;97.56;94.02;94.66;93.8;93.23;100.0;98.0;94.92;91.98;91.6;94.66;94.85;99.04;98.01;93.8;93.61;92.75;93.23;98.0;94.92;92.67;92.39;95.11	92.68;92.18;93.34;100.0;95.12;100.0;92.84;87.39;87.39;92.35;97.78;91.51;92.68;92.35;93.34;92.01;97.78;97.56;93.51;92.68;93.51;100.0;95.51;98.0;92.68;96.95;92.68;99.33;88.26;88.26;99.67;93.35;97.5;100.0;98.34;98.0;95.34;93.35;93.61;98.17;100.0;98.17;92.68;95.51;92.18;95.73;92.18;94.84;86.09;86.09;95.17;92.61;94.51;95.51;95.34;95.51;99.83;92.61;92.86;95.67;95.51;95.67;92.18;93.34;96.34;93.34;97.34;88.26;88.26;97.67;93.53;96.84;98.0;97.67;100.0;95.34;93.53;93.8;99.83;98.0;99.83;93.34;95.12;100.0;92.84;87.39;87.39;92.35;97.78;91.51;92.68;92.35;93.34;92.01;97.78;97.56;93.51;92.68;93.51;100.0;95.12;96.95;96.67;96.67;96.34;95.12;93.9;96.95;96.95;96.34;95.73;95.12;95.48;96.95;96.95;96.95;95.12;92.84;87.39;87.39;92.35;97.78;91.51;92.68;92.35;93.34;92.01;97.78;97.56;93.51;92.68;93.51;100.0;88.26;88.26;99.0;93.53;96.84;99.33;97.67;97.34;94.68;93.53;93.8;97.5;99.33;97.5;92.84;100.0;87.83;85.88;86.96;88.26;86.96;88.26;86.09;85.29;85.29;88.26;88.26;88.26;87.39;87.83;85.88;86.96;88.26;86.96;88.26;86.09;85.29;85.29;88.26;88.26;88.26;87.39;93.16;97.17;99.67;98.0;97.67;95.01;93.16;93.42;97.84;99.67;97.84;92.35;92.42;93.35;93.35;93.53;92.42;99.26;99.06;93.72;93.35;93.72;97.78;97.5;99.17;96.84;94.34;92.42;92.67;97.0;97.5;97.0;91.51;98.34;98.0;95.34;93.35;93.61;98.17;100.0;98.17;92.68;97.67;95.17;93.35;93.61;97.84;98.34;97.84;92.35;95.34;93.53;93.8;99.83;98.0;99.83;93.34;92.42;92.67;95.51;95.34;95.51;92.01;99.81;93.72;93.35;93.72;97.78;93.98;93.61;93.98;97.56;98.17;100.0;93.51;98.17;92.68;93.51	100.0;99.82;99.82;99.82;99.82;99.82;99.82;100.0;100.0;100.0
52	BPY2B	basic charge Y-linked 2B;testis-specific basic protein Y 2;basic charge Y-linked 2C;basic charge Y-linked 2	100.0	100.0	100.0;100.0;100.0	100.0	0	0	0
53	DAZ2	deleted in azoospermia protein 1-like;deleted in azoospermia protein 3;deleted in azoospermia protein 3-like;deleted in azoospermia 2;deleted in azoospermia protein 2;deleted in azoospermia 1;deleted in azoospermia 4;deleted in azoospermia protein 4-like;deleted in azoospermia protein 1;deleted in azoospermia 3	96.08	93.15;89.72;99.81;76.26;89.83;94.77	92.68;98.19;96.38;96.84;95.39;80.86	95.8	87.64;86.15;87.89;81.93;82.11;76.33;86.22;88.21;94.04;90.65;88.68;90.23;96.28;84.3;96.43;96.28;88.68;87.42;87.42;80.39;82.56;86.12;87.64;87.42;87.11;90.38;80.44;79.03;81.06;92.73;87.65;81.73;87.74;88.37;86.4;88.11;90.12;92.17;90.38;90.3;88.11;80.44;97.56;84.63;86.8	78.21;75.71;99.9;98.24;69.12;78.45;78.21;75.71;85.14;98.24	100.0
67	MTRNR2-like 17	MTRNR2-like 17;MTRNR2-like	0	96.0;96.0;100.0	0	0	0	0	0
68	glutamate dehydrogenase 1, mitochondrial-like	glutamate dehydrogenase 1, mitochondrial-like	0	98.91;98.91;100.0	0	0	99.59	90.87;90.87;100.0;100.0;90.87;90.87	0
69	HSFY2	heat shock transcription factor, Y-linked-like;heat shock transcription factor Y-linked 1;heat shock transcription factor, Y-linked;heat shock transcription factor Y-linked 2	0	0	100.0	0	100.0;100.0;100.0;100.0;100.0;100.0	100.0;100.0;100.0;100.0;100.0;100.0;100.0;100.0;100.0;100.0	63.54;100.0;100.0;100.0;100.0;63.54;63.54;63.54;63.54;100.0;100.0;100.0;100.0;100.0;100.0
75	PRY2	PTPN13-like protein, Y-linked;PTPN13 like Y-linked 2;PTPN13 like Y-linked	0	0	100.0	100.0	0	93.45;93.45;94.05;93.45;93.45;100.0	0
82	protein FRG1-like	protein FRG1-like	0	0	0	0	0	95.37	97.32
84	centriole and centriolar satellite protein OFD1-like	centriole and centriolar satellite protein OFD1-like	0	0	0	100.0	0	0	0
97	B melanoma antigen 3-like	B melanoma antigen 3-like;B melanoma antigen 5-like	0	0	0	92.31	0	0	0
98	glutathione hydrolase 1 proenzyme-like	glutathione hydrolase 1 proenzyme-like	0	0	0	95.43	0	0	0
99	uncharacterized LOC129530384	uncharacterized LOC129530384;uncharacterized LOC129530379	0	0	0	67.61	0	0	0
111	protein FAM47A-like	protein FAM47A-like	0	0	0	0	87.88	100.0	0
113	zinc finger protein 285-like	zinc finger protein 285-like;zinc finger protein 717-like;zinc finger protein 347-like	0	0	0	0	55.58;52.91;48.88	46.3	0
115	uncharacterized LOC129053376	uncharacterized LOC129053376;uncharacterized LOC129025631;translation initiation factor IF-2-like	0	0	0	0	76.92	76.92	0
116	adenylate kinase isoenzyme 6-like	adenylate kinase isoenzyme 6-like	0	0	0	0	99.45;88.95;89.67	98.34;100.0;100.0;98.89;93.85;96.2;98.34;98.34;99.51;91.67;98.34;100.0;98.89;93.85;96.2;98.89;93.85;96.2;98.89;93.81;92.13	100.0
135	transcription initiation factor TFIID subunit 13-like	transcription initiation factor TFIID subunit 13-like	0	0	0	0	0	0	99.19
136	TATA-box binding protein associated factor 11 like protein 2-like	TATA-box binding protein associated factor 11 like protein 2-like	0	0	0	0	0	0	88.72;87.88;98.48;87.37;97.45;90.21;88.2;88.72;90.16;87.37;86.36;89.29;86.87;96.94;86.73
