(Jun/15/2023)				
				
assembly.chr	start	end	length	name
chm13.chrX	47,775,945 	47805286	29,341	Q1A
chm13.chrX	47,808,082 	47837442	29,360	Q1B
chm13.chrX	50,939,485 	50964510	25,025	Q2A
chm13.chrX	50,971,910 	50996935	25,025	Q2B
chm13.chrX	51,312,463 	51348894	36,431	Q3A
chm13.chrX	51,448,683 	51485117	36,434	Q3B
chm13.chrX	51,745,138 	51773838	28,700	Q4.1A
chm13.chrX	51,795,460 	51824158	28,698	Q4.1B
chm13.chrX	51,760,944 	51774047	13,103	Q4.2A
chm13.chrX	51,782,379 	51795462	13,083	Q4.2B
chm13.chrX	51,954,062 	52014003	59,941	Q5A
chm13.chrX	52,014,242 	52074167	59,925	Q5B
chm13.chrX	52,166,738 	52205276	38,538	Q6A
chm13.chrX	52,219,946 	52258497	38,551	Q6B
chm13.chrX	54,746,693 	54773303	26,610	Q7A
chm13.chrX	54,786,225 	54812839	26,614	Q7B
chm13.chrX	61,553,393 	61609982	56,589	Q8A
chm13.chrX	61,618,626 	61675215	56,589	Q8B
chm13.chrX	70,116,403 	70174346	57,943	Q9A
chm13.chrX	70,174,346 	70232226	57,880	Q9B
chm13.chrX	71,174,416 	71293695	119,279	Q10A
chm13.chrX	71,294,112 	71413404	119,292	Q10B
chm13.chrX	71,429,571 	71439061	9,490	Q11A
chm13.chrX	71,510,988 	71520476	9,488	Q11B
chm13.chrX	100,642,134 	100782733	140,599	Q12A
chm13.chrX	100,793,496 	100934056	140,560	Q12B
chm13.chrX	102,410,141 	102430486	20,345	Q13A
chm13.chrX	102,490,476 	102510844	20,368	Q13B
chm13.chrX	104,700,096 	104712617	12,521	Q14A
chm13.chrX	104,721,330 	104733867	12,537	Q14B
chm13.chrX	118,413,361 	118462260	48,899	Q15A
chm13.chrX	118,524,312 	118573219	48,907	Q15B
chm13.chrX	133,441,916 	133490982	49,066	Q16A
chm13.chrX	133,533,125 	133582232	49,107	Q16B
chm13.chrX	134,042,960 	134066759	23,799	Q17.1A
chm13.chrX	134,102,399 	134126247	23,848	Q17.1B
chm13.chrX	134,042,960 	134066515	23,555	Q17.2A
chm13.chrX	134,119,915 	134143498	23,583	Q17.2B
chm13.chrX	134,042,960 	134066515	23,555	Q17.3A
chm13.chrX	134,137,164 	134160749	23,585	Q17.3B
chm13.chrX	134,042,960 	134066515	23,555	Q17.4A
chm13.chrX	134,154,416 	134178006	23,590	Q17.4B
chm13.chrX	134,042,960 	134066515	23,555	Q17.5A
chm13.chrX	134,171,672 	134195258	23,586	Q17.5B
chm13.chrX	134,057,335 	134066515	9,180	Q17.6A
chm13.chrX	134,188,925 	134198068	9,143	Q17.6B
chm13.chrX	134,066,826 	134077566	10,740	Q18A
chm13.chrX	134,091,437 	134102177	10,740	Q18B
chm13.chrX	139,312,784 	139326988	14,204	Q19.1A
chm13.chrX	139,552,830 	139567026	14,196	Q19.1B
chm13.chrX	139,315,547 	139432092	116,545	Q19.2A
chm13.chrX	139,781,327 	139897861	116,534	Q19.2B
chm13.chrX	139,881,282 	139893976	12,694	Q19.3A
chm13.chrX	139,897,915 	139910594	12,679	Q19.3B
chm13.chrX	139,897,915 	139910594	12,679	Q19.4A
chm13.chrX	139,995,044 	140007734	12,690	Q19.4B
chm13.chrX	145,060,651 	145071797	11,146	Q20A
chm13.chrX	145,071,799 	145082934	11,135	Q20B
chm13.chrX	147,806,320 	147827955	21,635	Q21A
chm13.chrX	148,184,920 	148206523	21,603	Q21B
chm13.chrX	147,838,886 	147868015	29,129	Q22A
chm13.chrX	148,032,868 	148061999	29,131	Q22B
chm13.chrX	147,918,640 	147946894	28,254	Q23A
chm13.chrX	147,987,894 	148016150	28,256	Q23B
chm13.chrX	150,945,170 	150996332	51,162	Q24A
chm13.chrX	151,005,286 	151056456	51,170	Q24B
chm13.chrX	151,333,544 	151341966	8,422	Q25A
chm13.chrX	151,343,160 	151351591	8,431	Q25B
chm13.chrX	151,373,566 	151417247	43,681	Q26A
chm13.chrX	151,517,761 	151561456	43,695	Q26B
chm13.chrX	152,572,450 	152583779	11,329	Q27A
chm13.chrX	152,621,410 	152632742	11,332	Q27B
chm13.chrX	152,791,974 	152827757	35,783	Q28A
chm13.chrX	152,849,516 	152885316	35,800	Q28B
chm13.chrX	153,574,028 	153624752	50,724	Q29A
chm13.chrX	153,692,014 	153742802	50,788	Q29B
hg002.chrY	14,890,566 	14926304	35,738	Q1A
hg002.chrY	14,929,718 	14965450	35,732	Q1B
hg002.chrY	16,781,325 	16790043	8,718	Q2A
hg002.chrY	16,802,684 	16811403	8,719	Q2B
hg002.chrY	17,066,094 	17176114	110,020	Q3A
hg002.chrY	17,222,322 	17332346	110,024	Q3B
hg002.chrY	18,362,321 	18857802	495,481	Q4A
hg002.chrY	18,861,259 	19356690	495,431	Q4B
hg002.chrY	19,356,701 	19546840	190,139	Q5A
hg002.chrY	19,586,495 	19776671	190,176	Q5B
hg002.chrY	21,881,167 	21896955	15,788	Q6A
hg002.chrY	21,929,252 	21945012	15,760	Q6B
hg002.chrY	22,368,038 	22405017	36,979	Q7.1A
hg002.chrY	22,711,591 	22748610	37,019	Q7.1B
hg002.chrY	22,368,038 	22381487	13,449	Q7.2A
hg002.chrY	22,711,591 	22725071	13,480	Q7.2B
hg002.chrY	22,375,906 	22447834	71,928	Q7.3A
hg002.chrY	22,692,344 	22764336	71,992	Q7.3B
hg002.chrY	22,399,435 	22428576	29,141	Q7.4A
hg002.chrY	22,735,153 	22764336	29,183	Q7.4B
hg002.chrY	22,711,290 	22735147	23,857	Q7.5A
hg002.chrY	23,233,878 	23257796	23,918	Q7.5B
hg002.chrY	22,735,159 	22758676	23,517	Q7.6A
hg002.chrY	23,233,878 	23257483	23,605	Q7.6B
hg002.chrY	22,760,390 	23044264	283,874	Q7.7A
hg002.chrY	23,213,315 	23497185	283,870	Q7.7B
hg002.chrY	23,582,346 	23977933	395,587	Q8A
hg002.chrY	24,086,539 	24482110	395,571	Q8B
hg002.chrY	23,995,891 	24011266	15,375	Q9.1A
hg002.chrY	24,050,811 	24066187	15,376	Q9.1B
hg002.chrY	24,013,379 	24035396	22,017	Q9.2A
hg002.chrY	24,037,534 	24059551	22,017	Q9.2B
hg002.chrY	24,724,114 	24734032	9,918	Q10A
hg002.chrY	24,737,977 	24747902	9,925	Q10B
hg002.chrY	25,503,794 	25587018	83,224	Q11.1A
hg002.chrY	25,704,095 	25787348	83,253	Q11.1B
hg002.chrY	25,580,317 	25615594	35,277	Q11.2A
hg002.chrY	25,665,980 	25701227	35,247	Q11.2B
hg002.chrY	25,628,552 	25650564	22,012	Q11.3A
hg002.chrY	25,652,702 	25674719	22,017	Q11.3B
hg002.chrY	26,344,069 	26353994	9,925	Q12A
hg002.chrY	26,357,939 	26367865	9,926	Q12B
mGorGor1.chrX	12299075	12356516	57,441	Q1.1A
mGorGor1.chrX	12299075	12356516	57,441	Q1.2A
mGorGor1.chrX	12357752	12368157	10,405	Q2.1A
mGorGor1.chrX	12357752	12368157	10,405	Q2.2A
mGorGor1.chrX	12368740	12409769	41,029	Q2.3A
mGorGor1.chrX	12368740	12409769	41,029	Q2.4A
mGorGor1.chrX	12517692	12558723	41,031	Q2.3B
mGorGor1.chrX	12558708	12569123	10,415	Q2.1B
mGorGor1.chrX	12579004	12636432	57,428	Q1.1B
mGorGor1.chrX	12766492	12807544	41,052	Q2.4B
mGorGor1.chrX	12807529	12817943	10,414	Q2.2B
mGorGor1.chrX	12827867	12885302	57,435	Q1.2B
mGorGor1.chrX	58746430	58775587	29,157	Q3A
mGorGor1.chrX	58778385	58807530	29,145	Q3B
mGorGor1.chrX	61857791	61884900	27,109	Q4A
mGorGor1.chrX	61892238	61919344	27,106	Q4B
mGorGor1.chrX	62237443	62273762	36,319	Q5A
mGorGor1.chrX	62362187	62398508	36,321	Q5B
mGorGor1.chrX	62640136	62679505	39,369	Q6A
mGorGor1.chrX	62687808	62727174	39,366	Q6B
mGorGor1.chrX	62809360	62862980	53,620	Q7A
mGorGor1.chrX	62865773	62919402	53,629	Q7B
mGorGor1.chrX	63015143	63050302	35,159	Q8A
mGorGor1.chrX	63064868	63100028	35,160	Q8B
mGorGor1.chrX	65509642	65538236	28,594	Q9A
mGorGor1.chrX	65548914	65577498	28,584	Q9B
mGorGor1.chrX	74823345	74842134	18,789	Q10.1A
mGorGor1.chrX	74842130	74886721	44,591	Q10.2A
mGorGor1.chrX	74892338	74936931	44,593	Q10.2B
mGorGor1.chrX	74936699	74955501	18,802	Q10.1B
mGorGor1.chrX	84468600	84589961	121,361	Q11A
mGorGor1.chrX	84590865	84712248	121,383	Q11B
mGorGor1.chrX	84734435	84743897	9,462	Q12A
mGorGor1.chrX	84818457	84827918	9,461	Q12B
mGorGor1.chrX	113969796	114109422	139,626	Q13A
mGorGor1.chrX	114120278	114260011	139,733	Q13B
mGorGor1.chrX	118051468	118062218	10,750	Q14A
mGorGor1.chrX	118073884	118084636	10,752	Q14B
mGorGor1.chrX	131733649	131781207	47,558	Q15A
mGorGor1.chrX	131847622	131895217	47,595	Q15B
mGorGor1.chrX	146884874	146933975	49,101	Q16A
mGorGor1.chrX	146976068	147025081	49,013	Q16B
mGorGor1.chrX	147404243	147414967	10,724	Q17A
mGorGor1.chrX	147458630	147469360	10,730	Q17B
mGorGor1.chrX	147501738	147536110	34,372	Q18.1A
mGorGor1.chrX	147516033	147527380	11,347	Q18.2A
mGorGor1.chrX	147550025	147584437	34,412	Q18.1B
mGorGor1.chrX	147575970	147587259	11,289	Q18.2B
mGorGor1.chrX	152697442	152708653	11,211	Q19.1A
mGorGor1.chrX	152712590	152723794	11,204	Q19.1B
mGorGor1.chrX	152712590	152819278	106,688	Q19.2A
mGorGor1.chrX	153160033	153266637	106,604	Q19.2B
mGorGor1.chrX	153253877	153266637	12,760	Q19.3A
mGorGor1.chrX	153269111	153283338	14,227	Q19.4A
mGorGor1.chrX	153270577	153283338	12,761	Q19.3B
mGorGor1.chrX	153367962	153382193	14,231	Q19.4B
mGorGor1.chrX	153598022	153606654	8,632	Q20A
mGorGor1.chrX	153874094	153882712	8,618	Q20B
mGorGor1.chrX	158406701	158428456	21,755	Q21A
mGorGor1.chrX	158438616	158460357	21,741	Q21B
mGorGor1.chrX	161139705	161170363	30,658	Q22A
mGorGor1.chrX	161180160	161262056	81,896	Q23A
mGorGor1.chrX	161278606	161312762	34,156	Q24A
mGorGor1.chrX	161349260	161383426	34,166	Q24B
mGorGor1.chrX	161434036	161515981	81,945	Q23B
mGorGor1.chrX	161584117	161614788	30,671	Q22B
mGorGor1.chrX	164351005	164395403	44,398	Q25A
mGorGor1.chrX	164412432	164456831	44,399	Q25B
mGorGor1.chrX	164735256	164743726	8,470	Q26A
mGorGor1.chrX	164744938	164753408	8,470	Q26B
mGorGor1.chrX	164775355	164821876	46,521	Q27A
mGorGor1.chrX	164922559	164969098	46,539	Q27B
mGorGor1.chrX	165946166	165957699	11,533	Q28A
mGorGor1.chrX	165995425	166006957	11,532	Q28B
mGorGor1.chrX	166163654	166197745	34,091	Q29A
mGorGor1.chrX	166216562	166250679	34,117	Q29B
mGorGor1.chrX	166938133	166989740	51,607	Q30A
mGorGor1.chrX	167046815	167098440	51,625	Q30B
mGorGor1.chrY	13763375	13824130	60,755	Q1A
mGorGor1.chrY	13869652	13930365	60,713	Q1B
mGorGor1.chrY	16062662	16270968	208,306	Q2A
mGorGor1.chrY	16362098	16570354	208,256	Q2B
mGorGor1.chrY	17269500	17296813	27,313	Q3A
mGorGor1.chrY	17757988	17785289	27,301	Q3B
mGorGor1.chrY	17296831	17335554	38,723	Q4A
mGorGor1.chrY	17716042	17754828	38,786	Q4B
mGorGor1.chrY	17335643	17474323	138,680	Q5.1A
mGorGor1.chrY	17575410	17714162	138,752	Q5.1B
mGorGor1.chrY	17474307	17501644	27,337	Q5.2A
mGorGor1.chrY	17542049	17569358	27,309	Q5.2B
mGorGor1.chrY	18022286	18149327	127,041	Q6.1A
mGorGor1.chrY	18481623	18608703	127,080	Q6.1B
mGorGor1.chrY	18143185	18174925	31,740	Q6.2A
mGorGor1.chrY	18445543	18477215	31,672	Q6.2B
mGorGor1.chrY	18825263	18852581	27,318	Q7A
mGorGor1.chrY	19327280	19354594	27,314	Q7B
mGorGor1.chrY	18855747	18894526	38,779	Q8A
mGorGor1.chrY	19288518	19327262	38,744	Q8B
mGorGor1.chrY	18898887	19012142	113,255	Q9.1A
mGorGor1.chrY	19172698	19286031	113,333	Q9.1B
mGorGor1.chrY	19004775	19068024	63,249	Q9.2A
mGorGor1.chrY	19109356	19172652	63,296	Q9.2B
mGorGor1.chrY	19531943	19578345	46,402	Q10A
mGorGor1.chrY	19736233	19782725	46,492	Q10B
mGorGor1.chrY	20123685	20145370	21,685	Q11A
mGorGor1.chrY	20150411	20172095	21,684	Q11B
mGorGor1.chrY	20665466	20709523	44,057	Q12A
mGorGor1.chrY	20712362	20756421	44,059	Q12B
mGorGor1.chrY	26564437	26580146	15,709	Q13A
mGorGor1.chrY	26612362	26628055	15,693	Q13B
mGorGor1.chrY	29042974	29113331	70,357	Q14.1A
mGorGor1.chrY	29206474	29276831	70,357	Q14.1B
mGorGor1.chrY	29113371	29130299	16,928	Q14.2A
mGorGor1.chrY	29189608	29206553	16,945	Q14.2B
mGorGor1.chrY	29532990	29544149	11,159	Q15A
mGorGor1.chrY	29553261	29564417	11,156	Q15B
mGorGor1.chrY	41857066	41888310	31,244	Q16A
mGorGor1.chrY	41895068	41926316	31,248	Q16B
mGorGor1.chrY	42590330	43513283	922,953	Q17.1A
mGorGor1.chrY	43574943	44497829	922,886	Q17.1B
mGorGor1.chrY	43515423	43548495	33,072	Q17.2A
mGorGor1.chrY	43550533	43583639	33,106	Q17.2B
mGorGor1.chrY	44731539	44807132	75,593	Q18A
mGorGor1.chrY	44891007	44966638	75,631	Q18B
mGorGor1.chrY	44842528	44857002	14,474	Q19A
mGorGor1.chrY	44857200	44871671	14,471	Q19B
mPanPan1.chrX	9709644	9720600	10,956	Q1.1A
mPanPan1.chrX	10133825	10144757	10,932	Q1.1B
mPanPan1.chrX	9757887	9768832	10,945	Q1.2A
mPanPan1.chrX	10133825	10144757	10,932	Q1.2B
mPanPan1.chrX	9805469	9816422	10,953	Q1.3A
mPanPan1.chrX	10133825	10144757	10,932	Q1.3B
mPanPan1.chrX	38893529	38912172	18,643	Q2A
mPanPan1.chrX	39145881	39164544	18,663	Q2B
mPanPan1.chrX	49859192	49888393	29,201	Q3A
mPanPan1.chrX	49891189	49920372	29,183	Q3B
mPanPan1.chrX	53059393	53084965	25,572	Q4A
mPanPan1.chrX	53092369	53117879	25,510	Q4B
mPanPan1.chrX	53437475	53473837	36,362	Q5A
mPanPan1.chrX	53573734	53610111	36,377	Q5B
mPanPan1.chrX	53862897	53892964	30,067	Q6A
mPanPan1.chrX	53894205	53924278	30,073	Q6B
mPanPan1.chrX	54033152	54138550	105,398	Q7A
mPanPan1.chrX	54141341	54246689	105,348	Q7B
mPanPan1.chrX	54290010	54325203	35,193	Q8A
mPanPan1.chrX	54339835	54375021	35,186	Q8B
mPanPan1.chrX	56887352	56915992	28,640	Q9A
mPanPan1.chrX	56926664	56955301	28,637	Q9B
mPanPan1.chrX	62688918	62745581	56,663	Q10A
mPanPan1.chrX	62751148	62807889	56,741	Q10B
mPanPan1.chrX	71359605	71416888	57,283	Q11A
mPanPan1.chrX	71419676	71476933	57,257	Q11B
mPanPan1.chrX	72416259	72429612	13,353	Q12.1A
mPanPan1.chrX	72640306	72653653	13,347	Q12.1B
mPanPan1.chrX	72430185	72535211	105,026	Q12.2A
mPanPan1.chrX	72536298	72641360	105,062	Q12.2B
mPanPan1.chrX	72669789	72679298	9,509	Q13A
mPanPan1.chrX	72748712	72758214	9,502	Q13B
mPanPan1.chrX	101805633	101951775	146,142	Q14A
mPanPan1.chrX	101957517	102103638	146,121	Q14B
mPanPan1.chrX	105777052	105787784	10,732	Q15A
mPanPan1.chrX	105799479	105810210	10,731	Q15B
mPanPan1.chrX	119448658	119474338	25,680	Q16.1A
mPanPan1.chrX	119723306	119748981	25,675	Q16.1B
mPanPan1.chrX	119448658	119474302	25,644	Q16.2A
mPanPan1.chrX	119656802	119682450	25,648	Q16.2B
mPanPan1.chrX	119474360	119491705	17,345	Q16.3A
mPanPan1.chrX	119639582	119656922	17,340	Q16.3B
mPanPan1.chrX	119474360	119491705	17,345	Q16.4A
mPanPan1.chrX	119706088	119723428	17,340	Q16.4B
mPanPan1.chrX	119492170	119541602	49,432	Q16.5A
mPanPan1.chrX	119656800	119706244	49,444	Q16.5B
mPanPan1.chrX	119499235	119553845	54,610	Q16.6A
mPanPan1.chrX	119711203	119765698	54,495	Q16.6B
mPanPan1.chrX	119541626	119553845	12,219	Q16.7A
mPanPan1.chrX	119644697	119656922	12,225	Q16.7B
mPanPan1.chrX	134552645	134602027	49,382	Q17A
mPanPan1.chrX	134644156	134693478	49,322	Q17B
mPanPan1.chrX	135157447	135254977	97,530	Q18A
mPanPan1.chrX	135269126	135366803	97,677	Q18B
mPanPan1.chrX	140517619	140590501	72,882	Q19.1A
mPanPan1.chrX	140972923	141045831	72,908	Q19.1B
mPanPan1.chrX	140590260	140609194	18,934	Q19.2A
mPanPan1.chrX	140937816	140956736	18,920	Q19.2B
mPanPan1.chrX	141045832	141053908	8,076	Q20A
mPanPan1.chrX	141137948	141146035	8,087	Q20B
mPanPan1.chrX	146100867	146124378	23,511	Q21A
mPanPan1.chrX	146125086	146148597	23,511	Q21B
mPanPan1.chrX	149086543	149210656	124,113	Q22.1A
mPanPan1.chrX	149705349	149829386	124,037	Q22.1B
mPanPan1.chrX	149190977	149211160	20,183	Q22.2A
mPanPan1.chrX	149589976	149610150	20,174	Q22.2B
mPanPan1.chrX	149297570	149432094	134,524	Q22.3A
mPanPan1.chrX	149694958	149829386	134,428	Q22.3B
mPanPan1.chrX	149309820	149421703	111,883	Q22.4A
mPanPan1.chrX	149915527	150027393	111,866	Q22.4B
mPanPan1.chrX	149402008	149421706	19,698	Q22.5A
mPanPan1.chrX	149590476	149610150	19,674	Q22.5B
mPanPan1.chrX	149482862	149504232	21,370	Q23A
mPanPan1.chrX	149553818	149575188	21,370	Q23B
mPanPan1.chrX	152746730	152785125	38,395	Q24A
mPanPan1.chrX	152803351	152841742	38,391	Q24B
mPanPan1.chrX	153133324	153143258	9,934	Q25.1A
mPanPan1.chrX	153144453	153154385	9,932	Q25.1B
mPanPan1.chrX	153154384	153192269	37,885	Q25.2A
mPanPan1.chrX	153299354	153337131	37,777	Q25.2B
mPanPan1.chrX	154314082	154325375	11,293	Q26A
mPanPan1.chrX	154362804	154374090	11,286	Q26B
mPanPan1.chrX	154533262	154568954	35,692	Q27A
mPanPan1.chrX	154590721	154626415	35,694	Q27B
mPanPan1.chrX	155308398	155358693	50,295	Q28A
mPanPan1.chrX	155425078	155475354	50,276	Q28B
mPanPan1.chrY	4,150,212 	4,540,456 	390,244	Q1A
mPanPan1.chrY	4,586,624 	4,976,931 	390,307	Q1B
mPanPan1.chrY	5,235,817 	5,244,013 	8,196	Q2A
mPanPan1.chrY	5,256,618 	5,264,814 	8,196	Q2B
mPanPan1.chrY	7,106,823 	7,143,799 	36,976	Q3A
mPanPan1.chrY	7,155,037 	7,192,012 	36,975	Q3B
mPanPan1.chrY	11,631,017 	11,646,696 	15,679	Q4A
mPanPan1.chrY	11,679,033 	11,694,708 	15,675	Q4B
mPanPan1.chrY	12,123,880 	12,251,598 	127,718	Q5A
mPanPan1.chrY	12,314,093 	12,441,923 	127,830	Q5B
mPanPan1.chrY	13,267,177 	13,398,793 	131,616	Q6.1A
mPanPan1.chrY	13,401,268 	13,615,927 	214,659	Q6.2A
mPanPan1.chrY	13,624,007 	13,838,681 	214,674	Q6.2B
mPanPan1.chrY	13,838,664 	13,970,284 	131,620	Q6.1B
mPanPan1.chrY	14,532,466 	14,775,699 	243,233	Q7A
mPanPan1.chrY	14,831,086 	15,074,382 	243,296	Q7B
mPanPan1.chrY	15,738,133 	16,110,248 	372,115	Q8A
mPanPan1.chrY	16,118,313 	16,490,515 	372,202	Q8B
mPanPan1.chrY	16,846,947 	17,153,986 	307,039	Q9.1A
mPanPan1.chrY	17,156,436 	17,177,464 	21,028	Q9.2A
mPanPan1.chrY	17,179,912 	17,305,895 	125,983	Q9.3A
mPanPan1.chrY	17,368,325 	17,494,345 	126,020	Q9.3B
mPanPan1.chrY	17,473,311 	17,780,446 	307,135	Q9.1B
mPanPan1.chrY	17,473,311 	17,494,345 	21,034	Q9.2B
mPanPan1.chrY	18,309,277 	18,555,980 	246,703	Q10A
mPanPan1.chrY	18,555,982 	18,638,533 	82,551	Q11A
mPanPan1.chrY	18,646,618 	18,729,172 	82,554	Q11B
mPanPan1.chrY	18,729,316 	18,975,664 	246,348	Q10B
mPanPan1.chrY	19,682,823 	19,697,933 	15,110	Q12.1A
mPanPan1.chrY	19,696,781 	19,808,781 	112,000	Q12.2A
mPanPan1.chrY	19,740,217 	19,983,308 	243,091	Q12.3A
mPanPan1.chrY	19,871,259 	19,983,308 	112,049	Q12.2B
mPanPan1.chrY	19,981,610 	19,996,753 	15,143	Q12.1B
mPanPan1.chrY	19,981,610 	19,990,899 	9,289	Q12.4A
mPanPan1.chrY	19,995,172 	20,005,986 	10,814	Q12.5A
mPanPan1.chrY	20,004,567 	20,205,006 	200,439	Q12.6A
mPanPan1.chrY	20,210,075 	20,410,499 	200,424	Q12.6B
mPanPan1.chrY	20,210,075 	20,420,439 	210,364	Q12.7A
mPanPan1.chrY	20,409,626 	20,420,439 	10,813	Q12.5B
mPanPan1.chrY	20,420,446 	20,429,738 	9,292	Q12.4B
mPanPan1.chrY	20,420,446 	20,429,738 	9,292	Q12.8A
mPanPan1.chrY	20,428,587 	20,671,590 	243,003	Q12.3B
mPanPan1.chrY	20,428,587 	20,491,582 	62,995	Q12.9A
mPanPan1.chrY	20,471,974 	20,540,540 	68,566	Q12.10A
mPanPan1.chrY	20,602,973 	20,671,587 	68,614	Q12.10B
mPanPan1.chrY	20,671,658 	20,734,702 	63,044	Q12.9B
mPanPan1.chrY	20,671,658 	20,734,702 	63,044	Q12.11A
mPanPan1.chrY	20,733,003 	20,742,291 	9,288	Q12.8B
mPanPan1.chrY	20,733,003 	20,742,291 	9,288	Q12.12A
mPanPan1.chrY	20,746,567 	20,956,949 	210,382	Q12.7B
mPanPan1.chrY	20,746,567 	20,956,949 	210,382	Q12.13A
mPanPan1.chrY	20,962,014 	21,172,389 	210,375	Q12.13B
mPanPan1.chrY	21,172,396 	21,181,682 	9,286	Q12.12B
mPanPan1.chrY	21,172,396 	21,292,374 	119,978	Q12.14A
mPanPan1.chrY	21,180,531 	21,243,435 	62,904	Q12.11B
mPanPan1.chrY	21,354,824 	21,474,866 	120,042	Q12.14B
mPanPan1.chrY	22,208,936 	22,455,726 	246,790	Q13.1A
mPanPan1.chrY	22,456,549 	22,564,582 	108,033	Q13.2A
mPanPan1.chrY	22,572,668 	22,680,765 	108,097	Q13.2B
mPanPan1.chrY	22,680,746 	22,927,469 	246,723	Q13.1B
mPanPan1.chrY	23,604,278 	23,670,714 	66,436	Q14A
mPanPan1.chrY	23,705,546 	23,716,961 	11,415	Q15.1A
mPanPan1.chrY	23,716,306 	23,727,721 	11,415	Q15.2A
mPanPan1.chrY	23,727,066 	23,738,480 	11,414	Q15.3A
mPanPan1.chrY	23,737,825 	23,749,239 	11,414	Q15.4A
mPanPan1.chrY	23,748,584 	23,759,999 	11,415	Q15.5A
mPanPan1.chrY	23,759,344 	23,902,470 	143,126	Q15.6A
mPanPan1.chrY	23,964,913 	24,107,992 	143,079	Q15.6B
mPanPan1.chrY	24,096,570 	24,107,992 	11,422	Q15.1B
mPanPan1.chrY	24,096,570 	24,107,992 	11,422	Q15.2B
mPanPan1.chrY	24,096,570 	24,107,992 	11,422	Q15.3B
mPanPan1.chrY	24,096,570 	24,107,992 	11,422	Q15.4B
mPanPan1.chrY	24,096,570 	24,107,992 	11,422	Q15.5B
mPanPan1.chrY	24,113,307 	24,179,835 	66,528	Q14B
mPanPan1.chrY	24,760,551 	24,859,038 	98,487	Q16.1A
mPanPan1.chrY	24,859,142 	24,988,722 	129,580	Q16.2A
mPanPan1.chrY	24,996,806 	25,126,364 	129,558	Q16.2B
mPanPan1.chrY	25,126,362 	25,224,853 	98,491	Q16.1B
mPanPan1.chrY	25,922,934 	25,989,402 	66,468	Q17A
mPanPan1.chrY	26,024,248 	26,035,663 	11,415	Q18.1A
mPanPan1.chrY	26,035,008 	26,046,424 	11,416	Q18.2A
mPanPan1.chrY	26,045,769 	26,057,185 	11,416	Q18.3A
mPanPan1.chrY	26,056,530 	26,067,947 	11,417	Q18.4A
mPanPan1.chrY	26,067,292 	26,210,379 	143,087	Q18.5A
mPanPan1.chrY	26,272,824 	26,415,887 	143,063	Q18.5B
mPanPan1.chrY	26,404,465 	26,415,887 	11,422	Q18.1B
mPanPan1.chrY	26,404,465 	26,415,887 	11,422	Q18.2B
mPanPan1.chrY	26,404,465 	26,415,887 	11,422	Q18.3B
mPanPan1.chrY	26,404,465 	26,415,887 	11,422	Q18.4B
mPanPan1.chrY	26,421,202 	26,487,730 	66,528	Q17B
mPanPan1.chrY	27,097,666 	27,325,760 	228,094	Q19A
mPanPan1.chrY	27,333,844 	27,561,958 	228,114	Q19B
mPanPan1.chrY	28,328,593 	28,343,727 	15,134	Q20.1A
mPanPan1.chrY	28,342,312 	28,367,210 	24,898	Q20.2A
mPanPan1.chrY	28,365,794 	28,390,695 	24,901	Q20.3A
mPanPan1.chrY	28,389,544 	28,898,345 	508,801	Q20.4A
mPanPan1.chrY	28,389,544 	28,501,561 	112,017	Q20.5A
mPanPan1.chrY	28,564,030 	28,676,062 	112,032	Q20.5B
mPanPan1.chrY	28,669,002 	29,132,766 	463,764	Q20.6A
mPanPan1.chrY	28,674,364 	28,689,495 	15,131	Q20.1B
mPanPan1.chrY	28,674,364 	28,699,276 	24,912	Q20.2B
mPanPan1.chrY	28,674,364 	28,699,276 	24,912	Q20.3B
mPanPan1.chrY	28,903,410 	29,412,162 	508,752	Q20.4B
mPanPan1.chrY	29,102,749 	29,237,730 	134,981	Q20.7A
mPanPan1.chrY	29,102,749 	29,132,766 	30,017	Q20.8A
mPanPan1.chrY	29,255,631 	29,458,079 	202,448	Q20.9A
mPanPan1.chrY	29,300,170 	29,435,118 	134,948	Q20.7B
mPanPan1.chrY	29,405,100 	29,435,118 	30,018	Q20.10A
mPanPan1.chrY	29,428,062 	29,458,079 	30,017	Q20.8B
mPanPan1.chrY	29,428,062 	29,680,346 	252,284	Q20.11A
mPanPan1.chrY	29,451,017 	29,914,743 	463,726	Q20.6B
mPanPan1.chrY	29,451,017 	29,481,039 	30,022	Q20.12A
mPanPan1.chrY	29,685,411 	29,937,683 	252,272	Q20.11B
mPanPan1.chrY	29,884,736 	30,087,190 	202,454	Q20.9B
mPanPan1.chrY	29,884,736 	29,914,743 	30,007	Q20.10B
mPanPan1.chrY	29,907,683 	29,937,683 	30,000	Q20.12B
mPanPan1.chrY	36,136,168 	36,519,865 	383,697	Q21A
mPanPan1.chrY	36,543,959 	36,927,744 	383,785	Q21B
mPanPan1.chrY	37,059,819 	37,780,020 	720,201	Q22A
mPanPan1.chrY	37,786,053 	37,806,729 	20,676	Q23A
mPanPan1.chrY	37,844,499 	37,865,147 	20,648	Q23B
mPanPan1.chrY	37,878,323 	38,598,490 	720,167	Q22B
mPanTro3.chrX	8612703	8623504	10,801	Q1.1A
mPanTro3.chrX	8987844	8998634	10,790	Q1.1B
mPanTro3.chrX	8659839	8670650	10,811	Q1.2A
mPanTro3.chrX	8987844	8998644	10,800	Q1.2B
mPanTro3.chrX	48662284	48691491	29,207	Q2A
mPanTro3.chrX	48694287	48723464	29,177	Q2B
mPanTro3.chrX	51703961	51728605	24,644	Q3A
mPanTro3.chrX	51739157	51763787	24,630	Q3B
mPanTro3.chrX	52083202	52119541	36,339	Q4A
mPanTro3.chrX	52219366	52255733	36,367	Q4B
mPanTro3.chrX	52516013	52546185	30,172	Q5A
mPanTro3.chrX	52547429	52577604	30,175	Q5B
mPanTro3.chrX	52680461	52785875	105,414	Q6A
mPanTro3.chrX	52787277	52892691	105,414	Q6B
mPanTro3.chrX	52935987	52971190	35,203	Q7A
mPanTro3.chrX	52985877	53021090	35,213	Q7B
mPanTro3.chrX	55492131	55520816	28,685	Q8A
mPanTro3.chrX	55531484	55560177	28,693	Q8B
mPanTro3.chrX	60829359	60886160	56,801	Q9A
mPanTro3.chrX	60891750	60948646	56,896	Q9B
mPanTro3.chrX	69479002	69533758	54,756	Q10A
mPanTro3.chrX	69533760	69588637	54,877	Q10B
mPanTro3.chrX	70539410	70656623	117,213	Q11A
mPanTro3.chrX	70657710	70774916	117,206	Q11B
mPanTro3.chrX	70792941	70802339	9,398	Q12A
mPanTro3.chrX	70871844	70881264	9,420	Q12B
mPanTro3.chrX	99768533	99929557	161,024	Q13A
mPanTro3.chrX	99935299	100096366	161,067	Q13B
mPanTro3.chrX	103774950	103785646	10,696	Q14A
mPanTro3.chrX	103797327	103808022	10,695	Q14B
mPanTro3.chrX	117572240	117598224	25,984	Q15.1A
mPanTro3.chrX	117715118	117741084	25,966	Q15.1B
mPanTro3.chrX	117572240	117598224	25,984	Q15.2A
mPanTro3.chrX	117780321	117806290	25,969	Q15.2B
mPanTro3.chrX	117597961	117620979	23,018	Q15.3A
mPanTro3.chrX	117757808	117780732	22,924	Q15.3B
mPanTro3.chrX	117597961	117615148	17,187	Q15.4A
mPanTro3.chrX	117698405	117715527	17,122	Q15.4B
mPanTro3.chrX	132578959	132619340	40,381	Q16A
mPanTro3.chrX	132678974	132719345	40,371	Q16B
mPanTro3.chrX	133176937	133274492	97,555	Q17A
mPanTro3.chrX	133288337	133386039	97,702	Q17B
mPanTro3.chrX	138526750	138634855	108,105	Q18A
mPanTro3.chrX	138967293	139075455	108,162	Q18B
mPanTro3.chrX	139075456	139083503	8,047	Q19A
mPanTro3.chrX	139167500	139175603	8,103	Q19B
mPanTro3.chrX	144173226	144188278	15,052	Q20A
mPanTro3.chrX	144197105	144212161	15,056	Q20B
mPanTro3.chrX	146918265	146946304	28,039	Q21.1A
mPanTro3.chrX	147421890	147449963	28,073	Q21.1B
mPanTro3.chrX	146944833	147080892	136,059	Q21.2A
mPanTro3.chrX	147288333	147424325	135,992	Q21.2B
mPanTro3.chrX	147107146	147126849	19,703	Q21.3A
mPanTro3.chrX	147288333	147308042	19,709	Q21.3B
mPanTro3.chrX	147134794	147156171	21,377	Q22A
mPanTro3.chrX	147205803	147227178	21,375	Q22B
mPanTro3.chrX	150159449	150204301	44,852	Q23A
mPanTro3.chrX	150222578	150267474	44,896	Q23B
mPanTro3.chrX	150548780	150558715	9,935	Q24A
mPanTro3.chrX	150559910	150569847	9,937	Q24B
mPanTro3.chrX	150569850	150608383	38,533	Q25A
mPanTro3.chrX	150716349	150754873	38,524	Q25B
mPanTro3.chrX	151723714	151734998	11,284	Q26A
mPanTro3.chrX	151772757	151784038	11,281	Q26B
mPanTro3.chrX	151943436	151979150	35,714	Q27A
mPanTro3.chrX	152000977	152036661	35,684	Q27B
mPanTro3.chrX	152717736	152752730	34,994	Q28.1A
mPanTro3.chrX	152848990	152883896	34,906	Q28.1B
mPanTro3.chrX	152752906	152767444	14,538	Q28.2A
mPanTro3.chrX	152834640	152849172	14,532	Q28.2B
mPanTro3.chrY	4608998	4971474	362,476	Q1A
mPanTro3.chrY	5017646	5380141	362,495	Q1B
mPanTro3.chrY	5639932	5648135	8,203	Q2A
mPanTro3.chrY	5660776	5668980	8,204	Q2B
mPanTro3.chrY	7514828	7563206	48,378	Q3A
mPanTro3.chrY	7566573	7614808	48,235	Q3B
mPanTro3.chrY	12386296	12512320	126,024	Q4A
mPanTro3.chrY	12574751	12700804	126,053	Q4B
mPanTro3.chrY	13514639	13609304	94,665	Q5.1A
mPanTro3.chrY	13609291	13782083	172,792	Q5.2A
mPanTro3.chrY	13790173	13962925	172,752	Q5.2B
mPanTro3.chrY	13963228	14057910	94,682	Q5.1B
mPanTro3.chrY	14857225	14881008	23,783	Q6.1A
mPanTro3.chrY	14881004	14898778	17,774	Q6.2A
mPanTro3.chrY	14899007	14963149	64,142	Q6.3A
mPanTro3.chrY	15025528	15089713	64,185	Q6.3B
mPanTro3.chrY	15089711	15107495	17,784	Q6.2B
mPanTro3.chrY	15118039	15141843	23,804	Q6.1B
mPanTro3.chrY	15815531	16150980	335,449	Q7.1A
mPanTro3.chrY	16202021	16252422	50,401	Q7.2A
mPanTro3.chrY	16276538	16326825	50,287	Q7.2B
mPanTro3.chrY	16311745	16647246	335,501	Q7.1B
mPanTro3.chrY	17018579	17147049	128,470	Q8.1A
mPanTro3.chrY	17141303	17176761	35,458	Q8.2A
mPanTro3.chrY	17178919	17214378	35,459	Q8.2B
mPanTro3.chrY	17199043	17327556	128,513	Q8.1B
mPanTro3.chrY	18443657	18748233	304,576	Q9A
mPanTro3.chrY	18756318	19060842	304,524	Q9B
mPanTro3.chrY	19267157	19379233	112,076	Q10.1A
mPanTro3.chrY	19386883	19772069	385,186	Q10.2A
mPanTro3.chrY	19438395	19550483	112,088	Q10.1B
mPanTro3.chrY	19572360	20507919	935,559	Q10.3A
mPanTro3.chrY	19584931	19964335	379,404	Q10.4A
mPanTro3.chrY	19777129	20162267	385,138	Q10.2B
mPanTro3.chrY	19964334	19976905	12,571	Q10.5A
mPanTro3.chrY	19975486	20110843	135,357	Q10.6A
mPanTro3.chrY	20173261	20308660	135,399	Q10.6B
mPanTro3.chrY	20307785	20320363	12,578	Q10.5B
mPanTro3.chrY	20320711	20700193	379,482	Q10.4B
mPanTro3.chrY	20512982	21448561	935,579	Q10.3B
mPanTro3.chrY	20512982	20700193	187,211	Q10.7A
mPanTro3.chrY	20700541	20713119	12,578	Q10.8A
mPanTro3.chrY	20712244	20847642	135,398	Q10.9A
mPanTro3.chrY	20910099	21045446	135,347	Q10.9B
mPanTro3.chrY	21044027	21056598	12,571	Q10.8B
mPanTro3.chrY	21044027	21243748	199,721	Q10.10A
mPanTro3.chrY	21056597	21243748	187,151	Q10.7B
mPanTro3.chrY	21248812	21448561	199,749	Q10.10B
mPanTro3.chrY	25281589	25647322	365,733	Q11A
mPanTro3.chrY	25671419	26037042	365,623	Q11B
mPanTro3.chrY	26775556	26920467	144,911	Q12.1A
mPanTro3.chrY	26910746	26943652	32,906	Q12.2A
mPanTro3.chrY	26945810	26978701	32,891	Q12.2B
mPanTro3.chrY	26958170	27102987	144,817	Q12.1B
mPanTro3.chrY	27929300	28023204	93,904	Q13.1A
mPanTro3.chrY	28022398	28254487	232,089	Q13.2A
mPanTro3.chrY	28262555	28494725	232,170	Q13.2B
mPanTro3.chrY	28494349	28588086	93,737	Q13.1B
mPanTro3.chrY	29801120	29917638	116,518	Q14A
mPanTro3.chrY	29980093	30096608	116,515	Q14B
mPonAbe1.chrX	48522119	48539336	17,217	Q1.1A
mPonAbe1.chrX	48543012	48560228	17,216	Q1.1B
mPonAbe1.chrX	48538526	48666799	128,273	Q1.2A
mPonAbe1.chrX	48668503	48796701	128,198	Q1.2B
mPonAbe1.chrX	48881430	48897818	16,388	Q2A
mPonAbe1.chrX	48911732	48928044	16,312	Q2B
mPonAbe1.chrX	51907039	51938223	31,184	Q3A
mPonAbe1.chrX	51945610	51976814	31,204	Q3B
mPonAbe1.chrX	52294174	52336720	42,546	Q4A
mPonAbe1.chrX	52406180	52448670	42,490	Q4B
mPonAbe1.chrX	52680177	52713223	33,046	Q5.1A
mPonAbe1.chrX	52949428	52982434	33,006	Q5.1B
mPonAbe1.chrX	52719307	52731195	11,888	Q5.2A
mPonAbe1.chrX	52937552	52949444	11,892	Q5.2B
mPonAbe1.chrX	52731204	52740044	8,840	Q5.3A
mPonAbe1.chrX	52928852	52937683	8,831	Q5.3B
mPonAbe1.chrX	52747432	52815105	67,673	Q6A
mPonAbe1.chrX	52853989	52921627	67,638	Q6B
mPonAbe1.chrX	53068931	53092313	23,382	Q7A
mPonAbe1.chrX	53107166	53130538	23,372	Q7B
mPonAbe1.chrX	55758983	55787691	28,708	Q8A
mPonAbe1.chrX	55798263	55826998	28,735	Q8B
mPonAbe1.chrX	76522522	76556252	33,730	Q9A
mPonAbe1.chrX	76560263	76594015	33,752	Q9B
mPonAbe1.chrX	77524422	77640074	115,652	Q10A
mPonAbe1.chrX	77640987	77756726	115,739	Q10B
mPonAbe1.chrX	77765631	77783988	18,357	Q11.1A
mPonAbe1.chrX	77902524	77920893	18,369	Q11.1B
mPonAbe1.chrX	77790033	77811522	21,489	Q11.2A
mPonAbe1.chrX	77881144	77902540	21,396	Q11.2B
mPonAbe1.chrX	107933081	108032684	99,603	Q12A
mPonAbe1.chrX	108043452	108143033	99,581	Q12B
mPonAbe1.chrX	109732686	109761902	29,216	Q13A
mPonAbe1.chrX	109787247	109816410	29,163	Q13B
mPonAbe1.chrX	112076869	112089859	12,990	Q14A
mPonAbe1.chrX	112094478	112107464	12,986	Q14B
mPonAbe1.chrX	141177250	141202840	25,590	Q15.1A
mPonAbe1.chrX	141309875	141335458	25,583	Q15.1B
mPonAbe1.chrX	141202822	141226566	23,744	Q15.2A
mPonAbe1.chrX	141282010	141305712	23,702	Q15.2B
mPonAbe1.chrX	147727460	147750690	23,230	Q16A
mPonAbe1.chrX	147796252	147819502	23,250	Q16B
mPonAbe1.chrX	148134199	148147211	13,012	Q17A
mPonAbe1.chrX	148403013	148416013	13,000	Q17B
mPonAbe1.chrX	155995140	156017583	22,443	Q18.1A
mPonAbe1.chrX	156244522	156266970	22,448	Q18.1B
mPonAbe1.chrX	156017766	156066941	49,175	Q18.2A
mPonAbe1.chrX	156116130	156165295	49,165	Q18.2B
mPonAbe1.chrX	156017766	156027210	9,444	Q18.3A
mPonAbe1.chrX	156235095	156244531	9,436	Q18.3B
mPonAbe1.chrX	156027205	156042778	15,573	Q18.4A
mPonAbe1.chrX	156219966	156235530	15,564	Q18.4B
mPonAbe1.chrX	159199145	159252731	53,586	Q19A
mPonAbe1.chrX	159260134	159313722	53,588	Q19B
mPonAbe1.chrX	159604286	159612798	8,512	Q20A
mPonAbe1.chrX	159614184	159622770	8,586	Q20B
mPonAbe1.chrX	159644689	159666420	21,731	Q21A
mPonAbe1.chrX	159835546	159857290	21,744	Q21B
mPonAbe1.chrX	159669027	159686360	17,333	Q22A
mPonAbe1.chrX	159816052	159833407	17,355	Q22B
mPonAbe1.chrX	160837393	160849091	11,698	Q23A
mPonAbe1.chrX	160888269	160899969	11,700	Q23B
mPonAbe1.chrX	161887567	161935153	47,586	Q24A
mPonAbe1.chrX	162001829	162049411	47,582	Q24B
mPonAbe1.chrY	5,164,958 	5221909	56,951	Q1.1A
mPonAbe1.chrY	5,212,613 	5273240	60,627	Q1.2A
mPonAbe1.chrY	5,466,666 	5527197	60,531	Q1.2B
mPonAbe1.chrY	5,526,747 	5583666	56,919	Q1.1B
mPonAbe1.chrY	7,359,991 	7373772	13,781	Q2A
mPonAbe1.chrY	7,423,499 	7437277	13,778	Q2B
mPonAbe1.chrY	10,995,663 	11024285	28,622	Q3A
mPonAbe1.chrY	11,065,732 	11094360	28,628	Q3B
mPonAbe1.chrY	11,356,961 	11388917	31,956	Q4A
mPonAbe1.chrY	11,420,575 	11452519	31,944	Q4B
mPonAbe1.chrY	35,755,022 	35865247	110,225	Q5.1A
mPonAbe1.chrY	35,871,985 	35982227	110,242	Q5.1B
mPonAbe1.chrY	35,982,226 	36017487	35,261	Q5.2A
mPonAbe1.chrY	36,050,837 	36090605	39,768	Q6.1A
mPonAbe1.chrY	36,080,929 	36139410	58,481	Q6.2A
mPonAbe1.chrY	36,139,410 	36197925	58,515	Q6.2B
mPonAbe1.chrY	36,197,992 	36237751	39,759	Q6.1B
mPonAbe1.chrY	36,276,479 	36311819	35,340	Q5.2B
mPonAbe1.chrY	36,839,792 	36991416	151,624	Q7A
mPonAbe1.chrY	36,998,200 	37149754	151,554	Q7B
mPonAbe1.chrY	37,571,856 	37699688	127,832	Q8A
mPonAbe1.chrY	37,744,840 	37872745	127,905	Q8B
mPonAbe1.chrY	38,156,535 	38180171	23,636	Q9A
mPonAbe1.chrY	38,180,276 	38245822	65,546	Q10A
mPonAbe1.chrY	38,594,623 	38660200	65,577	Q10B
mPonAbe1.chrY	38,660,209 	38683923	23,714	Q9B
mPonAbe1.chrY	38,975,036 	39117014	141,978	Q11A
mPonAbe1.chrY	39,159,809 	39301811	142,002	Q11B
mPonAbe1.chrY	39,806,936 	39826315	19,379	Q12A
mPonAbe1.chrY	39,864,075 	39883449	19,374	Q12B
mPonAbe1.chrY	40,217,717 	40352832	135,115	Q13A
mPonAbe1.chrY	40,352,832 	40487895	135,063	Q13B
mPonAbe1.chrY	41,090,352 	41178543	88,191	Q14A
mPonAbe1.chrY	41,216,277 	41304470	88,193	Q14B
mPonAbe1.chrY	41,824,601 	41945534	120,933	Q15A
mPonAbe1.chrY	41,952,296 	42073207	120,911	Q15B
mPonAbe1.chrY	42,436,133 	42487276	51,143	Q16.1A
mPonAbe1.chrY	42,490,488 	42556297	65,809	Q16.2A
mPonAbe1.chrY	42,903,989 	42969778	65,789	Q16.2B
mPonAbe1.chrY	42,969,774 	43020958	51,184	Q16.1B
mPonAbe1.chrY	43,345,062 	43473297	128,235	Q17A
mPonAbe1.chrY	43,519,748 	43647951	128,203	Q17B
mPonAbe1.chrY	44,084,246 	44100517	16,271	Q18.1A
mPonAbe1.chrY	44,100,502 	44131702	31,200	Q18.2A
mPonAbe1.chrY	44,210,662 	44241870	31,208	Q18.2B
mPonAbe1.chrY	44,248,148 	44264403	16,255	Q18.1B
mPonAbe1.chrY	44,635,266 	44660765	25,499	Q19.1A
mPonAbe1.chrY	44,663,974 	44707939	43,965	Q19.2A
mPonAbe1.chrY	44,707,936 	44728942	21,006	Q19.3A
mPonAbe1.chrY	45,079,987 	45101001	21,014	Q19.3B
mPonAbe1.chrY	45,101,836 	45145746	43,910	Q19.2B
mPonAbe1.chrY	45,145,742 	45171275	25,533	Q19.1B
mPonAbe1.chrY	45,560,050 	45680932	120,882	Q20A
mPonAbe1.chrY	45,687,694 	45808575	120,881	Q20B
mPonAbe1.chrY	46,300,092 	46321162	21,070	Q21.1A
mPonAbe1.chrY	46,321,764 	46451753	129,989	Q21.2A
mPonAbe1.chrY	46,458,518 	46588489	129,971	Q21.2B
mPonAbe1.chrY	46,588,486 	46609548	21,062	Q21.1B
mPonAbe1.chrY	47,084,961 	47153197	68,236	Q22A
mPonAbe1.chrY	47,208,929 	47251486	42,557	Q23.1A
mPonAbe1.chrY	47,241,817 	47300274	58,457	Q23.2A
mPonAbe1.chrY	47,300,769 	47359165	58,396	Q23.2B
mPonAbe1.chrY	47,359,232 	47401841	42,609	Q23.1B
mPonAbe1.chrY	47,453,139 	47521481	68,342	Q22B
mPonAbe1.chrY	48,060,580 	48141150	80,570	Q24A
mPonAbe1.chrY	48,184,163 	48264738	80,575	Q24B
mPonAbe1.chrY	48,589,188 	48612817	23,629	Q25A
mPonAbe1.chrY	48,612,922 	48678474	65,552	Q26A
mPonAbe1.chrY	49,027,333 	49092903	65,570	Q26B
mPonAbe1.chrY	49,092,912 	49116604	23,692	Q25B
mPonAbe1.chrY	49,407,670 	49549653	141,983	Q27A
mPonAbe1.chrY	49,592,449 	49734446	141,997	Q27B
mPonAbe1.chrY	50,239,688 	50259086	19,398	Q28A
mPonAbe1.chrY	50,296,836 	50316225	19,389	Q28B
mPonAbe1.chrY	50,650,454 	50785558	135,104	Q29A
mPonAbe1.chrY	50,785,558 	50920650	135,092	Q29B
mPonAbe1.chrY	51,523,063 	51611261	88,198	Q30A
mPonAbe1.chrY	51,648,977 	51737169	88,192	Q30B
mPonAbe1.chrY	52,257,318 	52378222	120,904	Q31A
mPonAbe1.chrY	52,384,984 	52505900	120,916	Q31B
mPonAbe1.chrY	52,868,804 	52985770	116,966	Q32A
mPonAbe1.chrY	53,333,464 	53450369	116,905	Q32B
mPonAbe1.chrY	53,774,428 	53902667	128,239	Q33A
mPonAbe1.chrY	53,949,117 	54077332	128,215	Q33B
mPonAbe1.chrY	54,596,667 	54616032	19,365	Q34A
mPonAbe1.chrY	54,653,779 	54673155	19,376	Q34B
mPonAbe1.chrY	54,906,960 	54950111	43,151	Q35.1A
mPonAbe1.chrY	54,962,315 	55118564	156,249	Q35.2A
mPonAbe1.chrY	55,119,062 	55275232	156,170	Q35.2B
mPonAbe1.chrY	55,275,230 	55318396	43,166	Q35.1B
mPonAbe1.chrY	55,803,857 	55959461	155,604	Q36A
mPonAbe1.chrY	55,966,229 	56121742	155,513	Q36B
mPonAbe1.chrY	56,720,122 	56729799	9,677	Q37.1A
mPonAbe1.chrY	56,731,361 	56785969	54,608	Q37.2A
mPonAbe1.chrY	56,843,516 	56898082	54,566	Q37.2B
mPonAbe1.chrY	56,898,079 	56907731	9,652	Q37.1B
mPonPyg2.chrX	48907305	48924508	17,203	Q1.1A
mPonPyg2.chrX	48928182	48945373	17,191	Q1.1B
mPonPyg2.chrX	48928182	49051372	123,190	Q1.2A
mPonPyg2.chrX	49053076	49176279	123,203	Q1.2B
mPonPyg2.chrX	49265538	49282071	16,533	Q2A
mPonPyg2.chrX	49295992	49312475	16,483	Q2B
mPonPyg2.chrX	52285894	52317100	31,206	Q3A
mPonPyg2.chrX	52324500	52355699	31,199	Q3B
mPonPyg2.chrX	52674143	52714310	40,167	Q4A
mPonPyg2.chrX	52782392	52822474	40,082	Q4B
mPonPyg2.chrX	53050031	53170156	120,125	Q5A
mPonPyg2.chrX	53223101	53343364	120,263	Q5B
mPonPyg2.chrX	53436057	53459457	23,400	Q6A
mPonPyg2.chrX	53474319	53497662	23,343	Q6B
mPonPyg2.chrX	56116598	56145340	28,742	Q7A
mPonPyg2.chrX	56155922	56184629	28,707	Q7B
mPonPyg2.chrX	74978313	75011205	32,892	Q8A
mPonPyg2.chrX	75015216	75048113	32,897	Q8B
mPonPyg2.chrX	75974282	76089889	115,607	Q9A
mPonPyg2.chrX	76090802	76206503	115,701	Q9B
mPonPyg2.chrX	76215423	76255138	39,715	Q10A
mPonPyg2.chrX	76329595	76369354	39,759	Q10B
mPonPyg2.chrX	106403487	106456410	52,923	Q11.1A
mPonPyg2.chrX	106560512	106613478	52,966	Q11.1B
mPonPyg2.chrX	106455905	106503006	47,101	Q11.2A
mPonPyg2.chrX	106513774	106560874	47,100	Q11.2B
mPonPyg2.chrX	108202265	108231478	29,213	Q12A
mPonPyg2.chrX	108256810	108285968	29,158	Q12B
mPonPyg2.chrX	110538632	110551605	12,973	Q13A
mPonPyg2.chrX	110556224	110569197	12,973	Q13B
mPonPyg2.chrX	139731154	139780496	49,342	Q14A
mPonPyg2.chrX	139835985	139885288	49,303	Q14B
mPonPyg2.chrX	145817329	145826208	8,879	Q15A
mPonPyg2.chrX	146258402	146267259	8,857	Q15B
mPonPyg2.chrX	146269773	146290229	20,456	Q16A
mPonPyg2.chrX	146335763	146356218	20,455	Q16B
mPonPyg2.chrX	154506666	154553689	47,023	Q17.1A
mPonPyg2.chrX	154732922	154779927	47,005	Q17.1B
mPonPyg2.chrX	154526287	154581946	55,659	Q17.2A
mPonPyg2.chrX	154625471	154681053	55,582	Q17.2B
mPonPyg2.chrX	157716837	157770341	53,504	Q18A
mPonPyg2.chrX	157777743	157831245	53,502	Q18B
mPonPyg2.chrX	158126652	158135013	8,361	Q19A
mPonPyg2.chrX	158136408	158144769	8,361	Q19B
mPonPyg2.chrX	158166708	158219819	53,111	Q20A
mPonPyg2.chrX	158325403	158378525	53,122	Q20B
mPonPyg2.chrX	159357913	159369615	11,702	Q21A
mPonPyg2.chrX	159408766	159420441	11,675	Q21B
mPonPyg2.chrX	160406558	160454149	47,591	Q22A
mPonPyg2.chrX	160520817	160568409	47,592	Q22B
mPonPyg2.chrY	5,055,892	5,159,231	103,339	Q1A
mPonPyg2.chrY	5,347,377	5,450,779	103,402	Q1B
mPonPyg2.chrY	7,234,744	7,248,534	13,790	Q2A
mPonPyg2.chrY	7,298,243	7,312,028	13,785	Q2B
mPonPyg2.chrY	10,869,514	10,898,127	28,613	Q3A
mPonPyg2.chrY	10,939,576	10,968,204	28,628	Q3B
mPonPyg2.chrY	11,229,180	11,261,111	31,931	Q4A
mPonPyg2.chrY	11,292,765	11,324,751	31,986	Q4B
mPonPyg2.chrY	25,763,893	25,859,146	95,253	Q5.1A
mPonPyg2.chrY	25,859,134	25,898,550	39,416	Q5.2A
mPonPyg2.chrY	25,905,287	25,944,699	39,412	Q5.2B
mPonPyg2.chrY	25,944,793	26,040,076	95,283	Q5.1B
mPonPyg2.chrY	26,094,470	26,123,476	29,006	Q6A
mPonPyg2.chrY	26,123,737	26,152,373	28,636	Q7.1A
mPonPyg2.chrY	26,152,171	26,166,292	14,121	Q7.2A
mPonPyg2.chrY	26,166,359	26,224,755	58,396	Q7.3A
mPonPyg2.chrY	26,225,251	26,283,693	58,442	Q7.3B
mPonPyg2.chrY	26,274,037	26,288,219	14,182	Q7.2B
mPonPyg2.chrY	26,288,201	26,316,827	28,626	Q7.1B
mPonPyg2.chrY	26,316,837	26,345,879	29,042	Q6B
mPonPyg2.chrY	26,368,133	26,960,889	592,756	Q8.1A
mPonPyg2.chrY	26,958,556	27,056,924	98,368	Q8.2A
mPonPyg2.chrY	27,098,243	27,196,547	98,304	Q8.2B
mPonPyg2.chrY	27,196,759	27,789,496	592,737	Q8.1B
mPonPyg2.chrY	27,727,360	27,789,496	62,136	Q8.3A
mPonPyg2.chrY	27,842,858	27,853,463	10,605	Q9.1A
mPonPyg2.chrY	27,854,357	27,898,105	43,748	Q9.2A
mPonPyg2.chrY	27,878,730	27,951,840	73,110	Q9.3A
mPonPyg2.chrY	27,952,338	28,025,482	73,144	Q9.3B
mPonPyg2.chrY	28,001,207	28,044,982	43,775	Q9.2B
mPonPyg2.chrY	28,044,963	28,055,556	10,593	Q9.1B
mPonPyg2.chrY	28,109,803	28,171,945	62,142	Q8.3B
mPonPyg2.chrY	28,757,141	28,838,861	81,720	Q10.1A
mPonPyg2.chrY	28,838,848	28,908,156	69,308	Q10.2A
mPonPyg2.chrY	28,914,920	28,984,233	69,313	Q10.2B
mPonPyg2.chrY	28,984,972	29,066,692	81,720	Q10.1B
mPonPyg2.chrY	29,558,151	29,679,009	120,858	Q11A
mPonPyg2.chrY	29,685,770	29,806,632	120,862	Q11B
mPonPyg2.chrY	30,220,844	30,286,518	65,674	Q12A
mPonPyg2.chrY	30,635,433	30,701,137	65,704	Q12B
mPonPyg2.chrY	30,810,249	31,130,093	319,844	Q13A
mPonPyg2.chrY	31,171,415	31,491,191	319,776	Q13B
mPonPyg2.chrY	31,600,697	31,666,411	65,714	Q14A
mPonPyg2.chrY	32,010,454	32,076,240	65,786	Q14B
mPonPyg2.chrY	32,454,624	32,582,863	128,239	Q15A
mPonPyg2.chrY	32,629,241	32,757,433	128,192	Q15B
mPonPyg2.chrY	33,273,292	33,292,656	19,364	Q16A
mPonPyg2.chrY	33,330,419	33,349,790	19,371	Q16B
mPonPyg2.chrY	33,520,351	33,607,905	87,554	Q17A
mPonPyg2.chrY	33,712,258	33,762,750	50,492	Q18A
mPonPyg2.chrY	33,869,525	33,920,027	50,502	Q18B
mPonPyg2.chrY	34,015,358	34,103,055	87,697	Q17B
mPonPyg2.chrY	34,579,144	34,664,565	85,421	Q19A
mPonPyg2.chrY	34,671,329	34,756,699	85,370	Q19B
mPonPyg2.chrY	35,392,686	35,441,166	48,480	Q20A
mPonPyg2.chrY	35,441,166	35,501,855	60,689	Q21A
mPonPyg2.chrY	35,555,232	35,565,817	10,585	Q22.1A
mPonPyg2.chrY	35,566,698	35,595,002	28,304	Q22.2A
mPonPyg2.chrY	35,589,983	35,649,585	59,602	Q22.3A
mPonPyg2.chrY	35,650,115	35,709,743	59,628	Q22.3B
mPonPyg2.chrY	35,709,746	35,738,070	28,324	Q22.2B
mPonPyg2.chrY	35,738,053	35,748,649	10,596	Q22.1B
mPonPyg2.chrY	35,802,908	35,863,594	60,686	Q21B
mPonPyg2.chrY	35,926,721	35,975,190	48,469	Q20B
mPonPyg2.chrY	36,382,974	36,471,140	88,166	Q23A
mPonPyg2.chrY	36,508,864	36,597,031	88,167	Q23B
mPonPyg2.chrY	37,047,183	37,175,007	127,824	Q24A
mPonPyg2.chrY	37,219,353	37,347,257	127,904	Q24B
mPonPyg2.chrY	37,663,245	37,707,134	43,889	Q25.1A
mPonPyg2.chrY	37,707,969	37,729,013	21,044	Q25.2A
mPonPyg2.chrY	38,075,571	38,096,575	21,004	Q25.2B
mPonPyg2.chrY	38,096,572	38,140,477	43,905	Q25.1B
mPonPyg2.chrY	39,219,074	39,339,831	120,757	Q26A
mPonPyg2.chrY	39,346,593	39,467,442	120,849	Q26B
mPonPyg2.chrY	39,830,370	39,881,527	51,157	Q27.1A
mPonPyg2.chrY	39,881,523	39,947,268	65,745	Q27.2A
mPonPyg2.chrY	40,296,586	40,362,382	65,796	Q27.2B
mPonPyg2.chrY	40,365,594	40,416,743	51,149	Q27.1B
mPonPyg2.chrY	40,740,790	40,868,994	128,204	Q28A
mPonPyg2.chrY	40,915,334	41,043,559	128,225	Q28B
mPonPyg2.chrY	41,382,153	41,533,799	151,646	Q29A
mPonPyg2.chrY	41,540,561	41,692,192	151,631	Q29B
mPonPyg2.chrY	42,200,889	42,332,816	131,927	Q30A
mPonPyg2.chrY	42,351,033	42,372,843	21,810	Q31A
mPonPyg2.chrY	42,382,177	42,403,877	21,700	Q31B
mPonPyg2.chrY	42,472,608	42,604,500	131,892	Q30B
mSymSyn1.chrX	3833478	3875390	41,912	Q1A
mSymSyn1.chrX	4066647	4108564	41,917	Q1B
mSymSyn1.chrX	3901825	3923571	21,746	Q2A
mSymSyn1.chrX	4024721	4046408	21,687	Q2B
mSymSyn1.chrX	6596398	6629731	33,333	Q3.1A
mSymSyn1.chrX	6809271	6842589	33,318	Q3.1B
mSymSyn1.chrX	6637755	6691136	53,381	Q3.2A
mSymSyn1.chrX	6747449	6800775	53,326	Q3.2B
mSymSyn1.chrX	6781634	6842589	60,955	Q3.3A
mSymSyn1.chrX	6847379	6908438	61,059	Q3.3B
mSymSyn1.chrX	14128719	14152084	23,365	Q4A
mSymSyn1.chrX	14402982	14426413	23,431	Q4B
mSymSyn1.chrX	14180448	14249016	68,568	Q5A
mSymSyn1.chrX	14305193	14373758	68,565	Q5B
mSymSyn1.chrX	16954836	16976278	21,442	Q6A
mSymSyn1.chrX	17018697	17040265	21,568	Q6B
mSymSyn1.chrX	61883661	61911074	27,413	Q7A
mSymSyn1.chrX	61917684	61945119	27,435	Q7B
mSymSyn1.chrX	65071925	65097532	25,607	Q8A
mSymSyn1.chrX	65097930	65123532	25,602	Q8B
mSymSyn1.chrX	65441039	65459216	18,177	Q9.1A
mSymSyn1.chrX	65589147	65607390	18,243	Q9.1B
mSymSyn1.chrX	65459977	65477003	17,026	Q9.2A
mSymSyn1.chrX	65572127	65589151	17,024	Q9.2B
mSymSyn1.chrX	65820314	65882750	62,436	Q10A
mSymSyn1.chrX	65896916	65959337	62,421	Q10B
mSymSyn1.chrX	65970788	65995587	24,799	Q11A
mSymSyn1.chrX	66009256	66034067	24,811	Q11B
mSymSyn1.chrX	68476354	68505313	28,959	Q12A
mSymSyn1.chrX	68515918	68544872	28,954	Q12B
mSymSyn1.chrX	68801801	68811180	9,379	Q13A
mSymSyn1.chrX	68851527	68860904	9,377	Q13B
mSymSyn1.chrX	79453052	79466847	13,795	Q14A
mSymSyn1.chrX	79500734	79514526	13,792	Q14B
mSymSyn1.chrX	80461477	80472844	11,367	Q15.1A
mSymSyn1.chrX	80620530	80631965	11,435	Q15.1B
mSymSyn1.chrX	80472848	80511836	38,988	Q15.2A
mSymSyn1.chrX	80582017	80620929	38,912	Q15.2B
mSymSyn1.chrX	80512610	80544587	31,977	Q15.3A
mSymSyn1.chrX	80550494	80582486	31,992	Q15.3B
mSymSyn1.chrX	80663753	80692602	28,849	Q16A
mSymSyn1.chrX	80751288	80780100	28,812	Q16B
mSymSyn1.chrX	85176790	85197405	20,615	Q17A
mSymSyn1.chrX	85218322	85238942	20,620	Q17B
mSymSyn1.chrX	106461087	106556006	94,919	Q18A
mSymSyn1.chrX	106560691	106655628	94,937	Q18B
mSymSyn1.chrX	110232465	110243797	11,332	Q19A
mSymSyn1.chrX	110257044	110268374	11,330	Q19B
mSymSyn1.chrX	138141928	138175477	33,549	Q20A
mSymSyn1.chrX	138225532	138259088	33,556	Q20B
mSymSyn1.chrX	138586809	138600307	13,498	Q21.1A
mSymSyn1.chrX	138774085	138787581	13,496	Q21.1B
mSymSyn1.chrX	138599404	138639252	39,848	Q21.2A
mSymSyn1.chrX	138677760	138717564	39,804	Q21.2B
mSymSyn1.chrX	138614582	138634540	19,958	Q21.3A
mSymSyn1.chrX	138677760	138697688	19,928	Q21.3B
mSymSyn1.chrX	138614582	138629828	15,246	Q21.4A
mSymSyn1.chrX	138677760	138692987	15,227	Q21.4B
mSymSyn1.chrX	138614582	138625117	10,535	Q21.5A
mSymSyn1.chrX	138677760	138688283	10,523	Q21.5B
mSymSyn1.chrX	138619294	138653566	34,272	Q21.6A
mSymSyn1.chrX	138668135	138702388	34,253	Q21.6B
mSymSyn1.chrX	138624006	138643961	19,955	Q21.7A
mSymSyn1.chrX	138682469	138702388	19,919	Q21.7B
mSymSyn1.chrX	138628717	138643961	15,244	Q21.8A
mSymSyn1.chrX	138687173	138702388	15,215	Q21.8B
mSymSyn1.chrX	138633429	138643961	10,532	Q21.9A
mSymSyn1.chrX	138691877	138702388	10,511	Q21.9B
mSymSyn1.chrX	152097226	152216455	119,229	Q22.1A
mSymSyn1.chrX	152384010	152502917	118,907	Q22.1B
mSymSyn1.chrX	152152748	152203729	50,981	Q22.2A
mSymSyn1.chrX	152384010	152434978	50,968	Q22.2B
mSymSyn1.chrX	152152748	152190982	38,234	Q22.3A
mSymSyn1.chrX	152384010	152422237	38,227	Q22.3B
mSymSyn1.chrX	152152748	152178237	25,489	Q22.4A
mSymSyn1.chrX	152384010	152409491	25,481	Q22.4B
mSymSyn1.chrX	152152748	152165493	12,745	Q22.5A
mSymSyn1.chrX	152384010	152396753	12,743	Q22.5B
mSymSyn1.chrX	152165490	152229192	63,702	Q22.6A
mSymSyn1.chrX	152384010	152447714	63,704	Q22.6B
mSymSyn1.chrX	152178234	152241924	63,690	Q22.7A
mSymSyn1.chrX	152384010	152447714	63,704	Q22.7B
mSymSyn1.chrX	152190979	152260995	70,016	Q22.8A
mSymSyn1.chrX	152377686	152447714	70,028	Q22.8B
mSymSyn1.chrX	152203726	152254671	50,945	Q22.9A
mSymSyn1.chrX	152396750	152447714	50,964	Q22.9B
mSymSyn1.chrX	152216452	152254671	38,219	Q22.10A
mSymSyn1.chrX	152409488	152447714	38,226	Q22.10B
mSymSyn1.chrX	152229189	152254671	25,482	Q22.11A
mSymSyn1.chrX	152422234	152447714	25,480	Q22.11B
mSymSyn1.chrX	152241921	152254671	12,750	Q22.12A
mSymSyn1.chrX	152434975	152447714	12,739	Q22.12B
mSymSyn1.chrX	155167114	155181339	14,225	Q23A
mSymSyn1.chrX	155230025	155244178	14,153	Q23B
mSymSyn1.chrX	155550319	155593763	43,444	Q24A
mSymSyn1.chrX	155648626	155692034	43,408	Q24B
mSymSyn1.chrX	156669084	156678136	9,052	Q25A
mSymSyn1.chrX	156717389	156726450	9,061	Q25B
mSymSyn1.chrX	157587253	157634031	46,778	Q26A
mSymSyn1.chrX	157690633	157737429	46,796	Q26B
mSymSyn1.chrY	1025878	1034985	9,107	Q1A
mSymSyn1.chrY	1185233	1194311	9,078	Q1B
mSymSyn1.chrY	1913468	1939308	25,840	Q2.1A
mSymSyn1.chrY	1922122	1955659	33,537	Q2.2A
mSymSyn1.chrY	1939308	1959085	19,777	Q2.3A
mSymSyn1.chrY	1960449	1993958	33,509	Q2.2B
mSymSyn1.chrY	2308137	2327853	19,716	Q2.3B
mSymSyn1.chrY	2327667	2353520	25,853	Q2.1B
mSymSyn1.chrY	6418897	6460895	41,998	Q3.1A
mSymSyn1.chrY	6460512	6479678	19,166	Q3.2A
mSymSyn1.chrY	6629681	6648815	19,134	Q3.2B
mSymSyn1.chrY	6648656	6690581	41,925	Q3.1B
mSymSyn1.chrY	10698523	10747079	48,556	Q4A
mSymSyn1.chrY	11055949	11104506	48,557	Q4B
mSymSyn1.chrY	18038633	18115920	77,287	Q5A
mSymSyn1.chrY	18116046	18193373	77,327	Q5B
mSymSyn1.chrY	19341823	19644511	302,688	Q6.1A
mSymSyn1.chrY	19563530	20128869	565,339	Q6.2A
mSymSyn1.chrY	19563530	19571967	8,437	Q6.3A
mSymSyn1.chrY	19611659	19620099	8,440	Q6.4A
mSymSyn1.chrY	19816709	20119379	302,670	Q6.1B
mSymSyn1.chrY	19841053	19849493	8,440	Q6.3B
mSymSyn1.chrY	19889223	19897663	8,440	Q6.4B
mSymSyn1.chrY	20584347	21149689	565,342	Q6.2B
mSymSyn1.chrY	20584347	20872127	287,780	Q6.5A
mSymSyn1.chrY	20815547	20896473	80,926	Q6.6A
mSymSyn1.chrY	20815547	20823984	8,437	Q6.7A
mSymSyn1.chrY	20863692	20872127	8,435	Q6.8A
mSymSyn1.chrY	21068687	21149689	81,002	Q6.6B
mSymSyn1.chrY	21093102	21101542	8,440	Q6.7B
mSymSyn1.chrY	21141251	21429044	287,793	Q6.5B
mSymSyn1.chrY	21189393	21197832	8,439	Q6.8B
mSymSyn1.chrY	21259279	21429044	169,765	Q6.9A
mSymSyn1.chrY	21884484	22054255	169,771	Q6.9B
mSymSyn1.chrY	22223166	22479824	256,658	Q7A
mSymSyn1.chrY	22504169	22760801	256,632	Q7B